-- phpMyAdmin SQL Dump
-- version 3.2.4
-- http://www.phpmyadmin.net
--
-- Host: localhost
-- Generation Time: Jun 29, 2017 at 03:51 AM
-- Server version: 5.1.41
-- PHP Version: 5.3.1

SET SQL_MODE="NO_AUTO_VALUE_ON_ZERO";


/*!40101 SET @OLD_CHARACTER_SET_CLIENT=@@CHARACTER_SET_CLIENT */;
/*!40101 SET @OLD_CHARACTER_SET_RESULTS=@@CHARACTER_SET_RESULTS */;
/*!40101 SET @OLD_COLLATION_CONNECTION=@@COLLATION_CONNECTION */;
/*!40101 SET NAMES utf8 */;

--
-- Database: `sim_praktikum`
--

-- --------------------------------------------------------

--
-- Table structure for table `absensi2`
--

CREATE TABLE IF NOT EXISTS `absensi2` (
  `id_absensi2` int(11) NOT NULL AUTO_INCREMENT,
  `kode_daftar` varchar(30) DEFAULT NULL,
  `id_waktu` int(11) DEFAULT NULL,
  `status_absen` enum('Sudah','Belum') DEFAULT NULL,
  `jam_absen` time DEFAULT NULL,
  PRIMARY KEY (`id_absensi2`),
  KEY `fkkodedftr` (`kode_daftar`),
  KEY `fkidwktu` (`id_waktu`)
) ENGINE=InnoDB  DEFAULT CHARSET=latin1 AUTO_INCREMENT=2039 ;

--
-- Dumping data for table `absensi2`
--

INSERT INTO `absensi2` (`id_absensi2`, `kode_daftar`, `id_waktu`, `status_absen`, `jam_absen`) VALUES
(1, 'DFTR1220150146', 1, 'Sudah', '08:00:19'),
(2, 'DFTR1220150147', 1, 'Sudah', '08:00:54'),
(3, 'DFTR1220150151', 1, 'Sudah', '08:01:12'),
(4, 'DFTR1220150152', 1, 'Sudah', '08:01:28'),
(5, 'DFTR1220150159', 1, 'Sudah', '08:01:37'),
(6, 'DFTR1220150162', 1, 'Sudah', '08:01:47'),
(7, 'DFTR1220150166', 1, 'Sudah', '08:01:56'),
(8, 'DFTR1220150167', 1, 'Sudah', '08:02:07'),
(9, 'DFTR1220150170', 1, 'Sudah', '08:02:28'),
(10, 'DFTR1220150171', 1, 'Sudah', '08:02:43'),
(11, 'DFTR1220150173', 1, 'Sudah', '08:03:00'),
(12, 'DFTR1220150174', 1, 'Sudah', '08:08:17'),
(13, 'DFTR1220150175', 1, 'Sudah', '08:08:34'),
(14, 'DFTR1220150176', 1, 'Sudah', '08:08:55'),
(15, 'DFTR1220150146', 6, 'Sudah', '08:09:34'),
(16, 'DFTR1220150147', 6, 'Sudah', '08:09:47'),
(17, 'DFTR1220150151', 6, 'Sudah', '08:09:58'),
(18, 'DFTR1220150152', 6, 'Sudah', '08:10:35'),
(19, 'DFTR1220150159', 6, 'Sudah', '08:10:48'),
(20, 'DFTR1220150162', 6, 'Sudah', '08:10:58'),
(21, 'DFTR1220150166', 6, 'Sudah', '08:11:05'),
(22, 'DFTR1220150167', 6, 'Sudah', '08:11:13'),
(24, 'DFTR1220150171', 6, 'Sudah', '08:11:57'),
(25, 'DFTR1220150173', 6, 'Sudah', '08:12:05'),
(26, 'DFTR1220150174', 6, 'Sudah', '08:12:15'),
(27, 'DFTR1220150175', 6, 'Sudah', '08:12:25'),
(28, 'DFTR1220150176', 6, 'Sudah', '08:12:33'),
(29, 'DFTR1220150146', 11, 'Sudah', '08:47:34'),
(30, 'DFTR1220150147', 11, 'Sudah', '08:47:46'),
(31, 'DFTR1220150151', 11, 'Sudah', '08:47:55'),
(32, 'DFTR1220150152', 11, 'Sudah', '08:48:04'),
(33, 'DFTR1220150159', 11, 'Sudah', '08:48:17'),
(34, 'DFTR1220150162', 11, 'Sudah', '08:48:27'),
(35, 'DFTR1220150166', 11, 'Sudah', '08:48:38'),
(36, 'DFTR1220150167', 11, 'Sudah', '08:48:49'),
(37, 'DFTR1220150171', 11, 'Sudah', '08:49:00'),
(38, 'DFTR1220150173', 11, 'Sudah', '08:49:10'),
(39, 'DFTR1220150174', 11, 'Sudah', '08:49:19'),
(40, 'DFTR1220150175', 11, 'Sudah', '08:49:29'),
(41, 'DFTR1220150176', 11, 'Sudah', '08:49:41'),
(42, 'DFTR1220150170', 11, 'Sudah', '08:52:57'),
(43, 'DFTR1220150146', 16, 'Sudah', '08:53:41'),
(44, 'DFTR1220150147', 16, 'Sudah', '08:53:48'),
(45, 'DFTR1220150151', 16, 'Sudah', '08:53:56'),
(46, 'DFTR1220150152', 16, 'Sudah', '08:54:05'),
(47, 'DFTR1220150159', 16, 'Sudah', '08:54:14'),
(48, 'DFTR1220150162', 16, 'Sudah', '08:54:22'),
(49, 'DFTR1220150166', 16, 'Sudah', '08:54:30'),
(50, 'DFTR1220150167', 16, 'Sudah', '08:54:39'),
(51, 'DFTR1220150171', 16, 'Sudah', '08:54:49'),
(52, 'DFTR1220150173', 16, 'Sudah', '08:55:02'),
(53, 'DFTR1220150174', 16, 'Sudah', '08:55:11'),
(54, 'DFTR1220150175', 16, 'Sudah', '08:55:27'),
(55, 'DFTR1220150176', 16, 'Sudah', '08:55:38'),
(56, 'DFTR1220150146', 21, 'Sudah', '08:56:19'),
(57, 'DFTR1220150147', 21, 'Sudah', '08:56:29'),
(58, 'DFTR1220150151', 21, 'Sudah', '08:56:37'),
(59, 'DFTR1220150152', 21, 'Sudah', '08:56:44'),
(60, 'DFTR1220150159', 21, 'Sudah', '08:56:52'),
(61, 'DFTR1220150162', 21, 'Sudah', '08:56:59'),
(62, 'DFTR1220150166', 21, 'Sudah', '08:57:08'),
(63, 'DFTR1220150167', 21, 'Sudah', '08:57:16'),
(64, 'DFTR1220150171', 21, 'Sudah', '08:57:24'),
(65, 'DFTR1220150173', 21, 'Sudah', '08:57:38'),
(66, 'DFTR1220150174', 21, 'Sudah', '08:58:16'),
(67, 'DFTR1220150176', 21, 'Sudah', '08:58:33'),
(68, 'DFTR1220150170', 21, 'Sudah', '08:58:50'),
(69, 'DFTR1220150177', 2, 'Sudah', '08:59:39'),
(70, 'DFTR1220150202', 2, 'Sudah', '08:59:51'),
(71, 'DFTR1220150217', 2, 'Sudah', '09:00:01'),
(72, 'DFTR1220150178', 2, 'Sudah', '09:00:13'),
(73, 'DFTR1220150183', 2, 'Sudah', '09:00:21'),
(74, 'DFTR1220150184', 2, 'Sudah', '09:00:48'),
(75, 'DFTR1220150187', 2, 'Sudah', '09:01:02'),
(76, 'DFTR1220150188', 2, 'Sudah', '09:01:11'),
(77, 'DFTR1220150190', 2, 'Sudah', '09:01:27'),
(78, 'DFTR1220150192', 2, 'Sudah', '09:02:08'),
(79, 'DFTR1220150200', 2, 'Sudah', '09:02:20'),
(80, 'DFTR1220150201', 2, 'Sudah', '09:02:27'),
(81, 'DFTR1220150206', 2, 'Sudah', '09:02:45'),
(82, 'DFTR1220150207', 2, 'Sudah', '09:02:52'),
(83, 'DFTR1220150180', 2, 'Sudah', '09:02:59'),
(84, 'DFTR1220150195', 2, 'Sudah', '09:03:09'),
(85, 'DFTR1220150177', 7, 'Sudah', '09:03:39'),
(86, 'DFTR1220150202', 7, 'Sudah', '09:03:46'),
(87, 'DFTR1220150217', 7, 'Sudah', '09:03:53'),
(88, 'DFTR1220150178', 7, 'Sudah', '09:04:15'),
(89, 'DFTR1220150183', 7, 'Sudah', '09:04:22'),
(90, 'DFTR1220150184', 7, 'Sudah', '09:04:32'),
(91, 'DFTR1220150187', 7, 'Sudah', '09:04:39'),
(92, 'DFTR1220150188', 7, 'Sudah', '09:04:47'),
(93, 'DFTR1220150190', 7, 'Sudah', '09:04:57'),
(94, 'DFTR1220150192', 7, 'Sudah', '09:05:04'),
(95, 'DFTR1220150200', 7, 'Sudah', '09:05:21'),
(96, 'DFTR1220150201', 7, 'Sudah', '09:05:30'),
(97, 'DFTR1220150206', 7, 'Sudah', '09:05:37'),
(98, 'DFTR1220150207', 7, 'Sudah', '09:05:45'),
(99, 'DFTR1220150180', 7, 'Sudah', '09:05:53'),
(100, 'DFTR1220150195', 7, 'Sudah', '09:06:01'),
(101, 'DFTR1220150177', 12, 'Sudah', '09:16:40'),
(102, 'DFTR1220150202', 12, 'Sudah', '09:16:50'),
(103, 'DFTR1220150217', 12, 'Sudah', '09:16:58'),
(104, 'DFTR1220150178', 12, 'Sudah', '09:17:07'),
(105, 'DFTR1220150183', 12, 'Sudah', '09:17:13'),
(106, 'DFTR1220150184', 12, 'Sudah', '09:17:21'),
(107, 'DFTR1220150187', 12, 'Sudah', '09:17:28'),
(108, 'DFTR1220150188', 12, 'Sudah', '09:17:39'),
(109, 'DFTR1220150190', 12, 'Sudah', '09:17:46'),
(110, 'DFTR1220150192', 12, 'Sudah', '09:17:56'),
(111, 'DFTR1220150200', 12, 'Sudah', '09:18:05'),
(112, 'DFTR1220150201', 12, 'Sudah', '09:18:17'),
(113, 'DFTR1220150206', 12, 'Sudah', '09:18:25'),
(114, 'DFTR1220150207', 12, 'Sudah', '09:18:33'),
(115, 'DFTR1220150180', 12, 'Sudah', '09:18:40'),
(116, 'DFTR1220150195', 12, 'Sudah', '09:18:48'),
(117, 'DFTR1220150177', 17, 'Sudah', '09:19:38'),
(118, 'DFTR1220150202', 17, 'Sudah', '09:19:46'),
(119, 'DFTR1220150217', 17, 'Sudah', '09:20:00'),
(120, 'DFTR1220150178', 17, 'Sudah', '09:20:07'),
(121, 'DFTR1220150183', 17, 'Sudah', '09:20:15'),
(122, 'DFTR1220150184', 17, 'Sudah', '09:20:36'),
(123, 'DFTR1220150187', 17, 'Sudah', '09:20:43'),
(124, 'DFTR1220150188', 17, 'Sudah', '09:20:54'),
(125, 'DFTR1220150190', 17, 'Sudah', '09:21:02'),
(126, 'DFTR1220150192', 17, 'Sudah', '09:21:19'),
(127, 'DFTR1220150200', 17, 'Sudah', '09:21:27'),
(128, 'DFTR1220150207', 17, 'Sudah', '09:21:38'),
(129, 'DFTR1220150201', 17, 'Sudah', '09:21:47'),
(130, 'DFTR1220150180', 17, 'Sudah', '09:21:58'),
(131, 'DFTR1220150195', 17, 'Sudah', '09:22:08'),
(132, 'DFTR1220150206', 17, 'Sudah', '09:22:21'),
(133, 'DFTR1220150217', 22, 'Sudah', '09:22:38'),
(134, 'DFTR1220150184', 22, 'Sudah', '09:23:00'),
(135, 'DFTR1220150187', 22, 'Sudah', '09:23:12'),
(136, 'DFTR1220150188', 22, 'Sudah', '09:23:30'),
(137, 'DFTR1220150201', 22, 'Sudah', '09:23:59'),
(138, 'DFTR1220150190', 22, 'Sudah', '09:24:10'),
(139, 'DFTR1220150195', 22, 'Sudah', '09:24:30'),
(140, 'DFTR1220150180', 22, 'Sudah', '09:24:45'),
(141, 'DFTR1220150207', 22, 'Sudah', '09:25:06'),
(142, 'DFTR1220150192', 22, 'Sudah', '09:25:23'),
(143, 'DFTR1220150200', 22, 'Sudah', '09:25:33'),
(144, 'DFTR1220150178', 22, 'Sudah', '09:27:13'),
(145, 'DFTR1220150206', 22, 'Sudah', '09:28:04'),
(146, 'DFTR1220150061', 3, 'Sudah', '18:08:29'),
(147, 'DFTR1220150198', 3, 'Sudah', '18:08:41'),
(148, 'DFTR1220150145', 3, 'Sudah', '18:08:50'),
(149, 'DFTR1220150149', 3, 'Sudah', '18:08:58'),
(150, 'DFTR1220150150', 3, 'Sudah', '18:09:10'),
(151, 'DFTR1220150153', 3, 'Sudah', '18:09:21'),
(152, 'DFTR1220150154', 3, 'Sudah', '18:09:29'),
(153, 'DFTR1220150155', 3, 'Sudah', '18:09:40'),
(154, 'DFTR1220150156', 3, 'Sudah', '18:09:56'),
(155, 'DFTR1220150158', 3, 'Sudah', '18:10:05'),
(156, 'DFTR1220150160', 3, 'Sudah', '18:10:12'),
(157, 'DFTR1220150161', 3, 'Sudah', '18:10:21'),
(158, 'DFTR1220150164', 3, 'Sudah', '18:10:34'),
(159, 'DFTR1220150165', 3, 'Sudah', '18:10:42'),
(160, 'DFTR1220150168', 3, 'Sudah', '18:10:49'),
(161, 'DFTR1220150169', 3, 'Sudah', '18:10:58'),
(162, 'DFTR1220150061', 8, 'Sudah', '18:11:26'),
(163, 'DFTR1220150198', 8, 'Sudah', '18:11:34'),
(164, 'DFTR1220150145', 8, 'Sudah', '18:11:41'),
(165, 'DFTR1220150149', 8, 'Sudah', '18:11:48'),
(166, 'DFTR1220150150', 8, 'Sudah', '18:11:59'),
(167, 'DFTR1220150153', 8, 'Sudah', '18:12:10'),
(168, 'DFTR1220150154', 8, 'Sudah', '18:12:18'),
(169, 'DFTR1220150155', 8, 'Sudah', '18:12:26'),
(170, 'DFTR1220150156', 8, 'Sudah', '18:12:34'),
(171, 'DFTR1220150158', 8, 'Sudah', '18:12:42'),
(172, 'DFTR1220150160', 8, 'Sudah', '18:12:50'),
(173, 'DFTR1220150161', 8, 'Sudah', '18:12:59'),
(174, 'DFTR1220150164', 8, 'Sudah', '18:13:07'),
(175, 'DFTR1220150165', 8, 'Sudah', '18:13:16'),
(176, 'DFTR1220150168', 8, 'Sudah', '18:13:25'),
(177, 'DFTR1220150169', 8, 'Sudah', '18:13:32'),
(178, 'DFTR1220150061', 13, 'Sudah', '18:14:08'),
(179, 'DFTR1220150198', 13, 'Sudah', '18:14:16'),
(180, 'DFTR1220150145', 13, 'Sudah', '18:14:26'),
(181, 'DFTR1220150149', 13, 'Sudah', '18:14:34'),
(182, 'DFTR1220150150', 13, 'Sudah', '18:14:44'),
(183, 'DFTR1220150153', 13, 'Sudah', '18:15:06'),
(184, 'DFTR1220150154', 13, 'Sudah', '18:15:15'),
(185, 'DFTR1220150155', 13, 'Sudah', '18:15:24'),
(186, 'DFTR1220150156', 13, 'Sudah', '18:15:33'),
(187, 'DFTR1220150158', 13, 'Sudah', '18:15:43'),
(188, 'DFTR1220150160', 13, 'Sudah', '18:15:51'),
(189, 'DFTR1220150161', 13, 'Sudah', '18:15:59'),
(190, 'DFTR1220150164', 13, 'Sudah', '18:16:06'),
(191, 'DFTR1220150165', 13, 'Sudah', '18:16:15'),
(192, 'DFTR1220150168', 13, 'Sudah', '18:16:24'),
(193, 'DFTR1220150169', 13, 'Sudah', '18:16:33'),
(194, 'DFTR1220150061', 18, 'Sudah', '18:27:35'),
(195, 'DFTR1220150198', 18, 'Sudah', '18:27:48'),
(196, 'DFTR1220150149', 18, 'Sudah', '18:28:02'),
(197, 'DFTR1220150153', 18, 'Sudah', '18:28:16'),
(198, 'DFTR1220150154', 18, 'Sudah', '18:28:37'),
(199, 'DFTR1220150155', 18, 'Sudah', '18:28:47'),
(200, 'DFTR1220150156', 18, 'Sudah', '18:28:57'),
(201, 'DFTR1220150158', 18, 'Sudah', '18:29:05'),
(202, 'DFTR1220150160', 18, 'Sudah', '18:29:13'),
(203, 'DFTR1220150161', 18, 'Sudah', '18:29:25'),
(204, 'DFTR1220150164', 18, 'Sudah', '18:29:44'),
(205, 'DFTR1220150165', 18, 'Sudah', '18:29:52'),
(206, 'DFTR1220150169', 18, 'Sudah', '18:30:01'),
(207, 'DFTR1220150035', 23, 'Sudah', '18:30:21'),
(208, 'DFTR1220150061', 23, 'Sudah', '18:30:31'),
(209, 'DFTR1220150198', 23, 'Sudah', '18:30:40'),
(210, 'DFTR1220150149', 23, 'Sudah', '18:30:51'),
(211, 'DFTR1220150150', 23, 'Sudah', '18:31:19'),
(212, 'DFTR1220150153', 23, 'Sudah', '18:31:32'),
(213, 'DFTR1220150154', 23, 'Sudah', '18:31:40'),
(214, 'DFTR1220150155', 23, 'Sudah', '18:31:49'),
(215, 'DFTR1220150156', 23, 'Sudah', '18:32:00'),
(216, 'DFTR1220150158', 23, 'Sudah', '18:32:10'),
(217, 'DFTR1220150160', 23, 'Sudah', '18:32:19'),
(218, 'DFTR1220150164', 23, 'Sudah', '18:32:32'),
(219, 'DFTR1220150165', 23, 'Sudah', '18:32:41'),
(220, 'DFTR1220150168', 23, 'Sudah', '18:32:49'),
(221, 'DFTR1220150169', 23, 'Sudah', '18:32:57'),
(222, 'DFTR1220150199', 4, 'Sudah', '18:37:39'),
(223, 'DFTR1220150204', 4, 'Sudah', '18:38:01'),
(224, 'DFTR1220150172', 4, 'Sudah', '18:38:13'),
(225, 'DFTR1220150181', 4, 'Sudah', '18:38:29'),
(226, 'DFTR1220150185', 4, 'Sudah', '18:38:45'),
(227, 'DFTR1220150182', 4, 'Sudah', '18:38:55'),
(228, 'DFTR1220150186', 4, 'Sudah', '18:39:07'),
(229, 'DFTR1220150189', 4, 'Sudah', '18:39:15'),
(230, 'DFTR1220150191', 4, 'Sudah', '18:39:23'),
(231, 'DFTR1220150194', 4, 'Sudah', '18:39:29'),
(232, 'DFTR1220150196', 4, 'Sudah', '18:39:37'),
(233, 'DFTR1220150197', 4, 'Sudah', '18:39:43'),
(234, 'DFTR1220150208', 4, 'Sudah', '18:40:04'),
(235, 'DFTR1220150209', 4, 'Sudah', '18:40:11'),
(236, 'DFTR1220150210', 4, 'Sudah', '18:40:19'),
(237, 'DFTR1220150212', 4, 'Sudah', '18:40:25'),
(238, 'DFTR1220150199', 9, 'Sudah', '18:40:43'),
(239, 'DFTR1220150204', 9, 'Sudah', '18:40:54'),
(240, 'DFTR1220150172', 9, 'Sudah', '18:41:08'),
(241, 'DFTR1220150181', 9, 'Sudah', '18:41:20'),
(242, 'DFTR1220150182', 9, 'Sudah', '18:41:28'),
(243, 'DFTR1220150185', 9, 'Sudah', '18:41:36'),
(244, 'DFTR1220150186', 9, 'Sudah', '18:41:44'),
(245, 'DFTR1220150189', 9, 'Sudah', '18:41:54'),
(246, 'DFTR1220150191', 9, 'Sudah', '18:42:04'),
(247, 'DFTR1220150194', 9, 'Sudah', '18:42:11'),
(248, 'DFTR1220150196', 9, 'Sudah', '18:42:21'),
(249, 'DFTR1220150197', 9, 'Sudah', '18:42:28'),
(250, 'DFTR1220150208', 9, 'Sudah', '18:42:42'),
(251, 'DFTR1220150209', 9, 'Sudah', '18:42:50'),
(252, 'DFTR1220150212', 9, 'Sudah', '18:43:04'),
(253, 'DFTR1220150204', 14, 'Sudah', '18:44:41'),
(254, 'DFTR1220150172', 14, 'Sudah', '18:44:52'),
(255, 'DFTR1220150182', 14, 'Sudah', '18:45:08'),
(256, 'DFTR1220150185', 14, 'Sudah', '18:45:21'),
(257, 'DFTR1220150186', 14, 'Sudah', '18:45:30'),
(258, 'DFTR1220150189', 14, 'Sudah', '18:45:38'),
(259, 'DFTR1220150191', 14, 'Sudah', '18:45:46'),
(260, 'DFTR1220150194', 14, 'Sudah', '18:45:55'),
(261, 'DFTR1220150196', 14, 'Sudah', '18:46:02'),
(262, 'DFTR1220150197', 14, 'Sudah', '18:46:09'),
(263, 'DFTR1220150209', 14, 'Sudah', '18:46:27'),
(264, 'DFTR1220150210', 14, 'Sudah', '18:46:36'),
(265, 'DFTR1220150212', 14, 'Sudah', '18:46:44'),
(266, 'DFTR1220150199', 19, 'Sudah', '18:47:08'),
(267, 'DFTR1220150204', 19, 'Sudah', '18:47:15'),
(268, 'DFTR1220150172', 19, 'Sudah', '18:47:23'),
(269, 'DFTR1220150182', 19, 'Sudah', '18:47:38'),
(270, 'DFTR1220150185', 19, 'Sudah', '18:47:46'),
(271, 'DFTR1220150186', 19, 'Sudah', '18:47:55'),
(272, 'DFTR1220150191', 19, 'Sudah', '18:48:05'),
(273, 'DFTR1220150197', 19, 'Sudah', '18:48:17'),
(274, 'DFTR1220150209', 19, 'Sudah', '18:48:40'),
(275, 'DFTR1220150212', 19, 'Sudah', '18:48:52'),
(276, 'DFTR1220150204', 24, 'Sudah', '18:49:32'),
(277, 'DFTR1220150172', 24, 'Sudah', '18:49:44'),
(278, 'DFTR1220150182', 24, 'Sudah', '18:49:59'),
(279, 'DFTR1220150185', 24, 'Sudah', '18:50:06'),
(280, 'DFTR1220150186', 24, 'Sudah', '18:50:12'),
(281, 'DFTR1220150189', 24, 'Sudah', '18:50:32'),
(282, 'DFTR1220150191', 24, 'Sudah', '18:50:40'),
(283, 'DFTR1220150196', 24, 'Sudah', '18:51:02'),
(284, 'DFTR1220150197', 24, 'Sudah', '18:51:09'),
(285, 'DFTR1220150208', 24, 'Sudah', '18:51:29'),
(286, 'DFTR1220150209', 24, 'Sudah', '18:51:37'),
(287, 'DFTR1220150212', 24, 'Sudah', '18:51:44'),
(288, 'DFTR1220150001', 5, 'Sudah', '20:10:08'),
(289, 'DFTR1220150148', 5, 'Sudah', '20:10:20'),
(290, 'DFTR1220150157', 5, 'Sudah', '20:10:27'),
(291, 'DFTR1220150163', 5, 'Sudah', '20:10:35'),
(293, 'DFTR1220150213', 5, 'Sudah', '20:11:01'),
(294, 'DFTR1220150214', 5, 'Sudah', '20:11:09'),
(295, 'DFTR1220150215', 5, 'Sudah', '20:11:18'),
(296, 'DFTR1220150216', 5, 'Sudah', '20:11:25'),
(297, 'DFTR1220150218', 5, 'Sudah', '20:11:32'),
(298, 'DFTR1220150219', 5, 'Sudah', '20:11:38'),
(299, 'DFTR1220150001', 10, 'Sudah', '20:11:54'),
(300, 'DFTR1220150148', 10, 'Sudah', '20:12:01'),
(301, 'DFTR1220150157', 10, 'Sudah', '20:12:16'),
(302, 'DFTR1220150163', 10, 'Sudah', '20:12:29'),
(303, 'DFTR1220150213', 10, 'Sudah', '20:12:36'),
(304, 'DFTR1220150214', 10, 'Sudah', '20:12:45'),
(305, 'DFTR1220150215', 10, 'Sudah', '20:12:53'),
(306, 'DFTR1220150216', 10, 'Sudah', '20:13:03'),
(307, 'DFTR1220150218', 10, 'Sudah', '20:13:10'),
(308, 'DFTR1220150219', 10, 'Sudah', '20:13:17'),
(309, 'DFTR1220150001', 15, 'Sudah', '20:13:34'),
(310, 'DFTR1220150148', 15, 'Sudah', '20:13:43'),
(311, 'DFTR1220150157', 15, 'Sudah', '20:13:51'),
(312, 'DFTR1220150163', 15, 'Sudah', '20:13:57'),
(313, 'DFTR1220150211', 15, 'Sudah', '20:14:10'),
(314, 'DFTR1220150213', 15, 'Sudah', '20:14:23'),
(315, 'DFTR1220150214', 15, 'Sudah', '20:14:31'),
(316, 'DFTR1220150215', 15, 'Sudah', '20:14:38'),
(317, 'DFTR1220150216', 15, 'Sudah', '20:14:45'),
(318, 'DFTR1220150218', 15, 'Sudah', '20:14:53'),
(319, 'DFTR1220150219', 15, 'Sudah', '20:15:01'),
(320, 'DFTR1220150148', 20, 'Sudah', '20:17:06'),
(321, 'DFTR1220150157', 20, 'Sudah', '20:17:17'),
(322, 'DFTR1220150163', 20, 'Sudah', '20:17:25'),
(323, 'DFTR1220150211', 20, 'Sudah', '20:17:34'),
(324, 'DFTR1220150213', 20, 'Sudah', '20:17:45'),
(325, 'DFTR1220150219', 20, 'Sudah', '20:17:54'),
(326, 'DFTR1220150001', 25, 'Sudah', '20:18:12'),
(327, 'DFTR1220150148', 25, 'Sudah', '20:18:20'),
(328, 'DFTR1220150157', 25, 'Sudah', '20:18:27'),
(329, 'DFTR1220150163', 25, 'Sudah', '20:18:35'),
(330, 'DFTR1220150211', 25, 'Sudah', '20:18:43'),
(331, 'DFTR1220150213', 25, 'Sudah', '20:19:00'),
(332, 'DFTR1220150214', 25, 'Sudah', '20:19:10'),
(333, 'DFTR1220150215', 25, 'Sudah', '20:19:17'),
(334, 'DFTR1220150216', 25, 'Sudah', '20:19:25'),
(335, 'DFTR1220150218', 25, 'Sudah', '20:19:32'),
(336, 'DFTR1220150219', 25, 'Sudah', '20:19:40'),
(342, 'DFTR1220150151', 26, 'Sudah', '09:24:43'),
(343, 'DFTR1220150152', 26, 'Sudah', '09:24:48'),
(344, 'DFTR1220150147', 26, 'Sudah', '09:24:53'),
(345, 'DFTR1220150176', 26, 'Sudah', '09:28:00'),
(346, 'DFTR1220150162', 26, 'Sudah', '09:28:25'),
(347, 'DFTR1220150173', 26, 'Sudah', '09:28:29'),
(348, 'DFTR1220150159', 26, 'Sudah', '09:28:36'),
(349, 'DFTR1220150166', 26, 'Sudah', '09:28:43'),
(350, 'DFTR1220150174', 26, 'Sudah', '09:28:48'),
(351, 'DFTR1220150146', 26, 'Sudah', '09:29:01'),
(352, 'DFTR1220150167', 26, 'Sudah', '09:29:09'),
(353, 'DFTR1220150170', 26, 'Sudah', '09:31:29'),
(354, 'DFTR1220150175', 26, 'Sudah', '09:31:36'),
(355, 'DFTR1220150201', 27, 'Sudah', '09:58:28'),
(356, 'DFTR1220150188', 27, 'Sudah', '09:58:35'),
(357, 'DFTR1220150180', 27, 'Sudah', '09:58:50'),
(358, 'DFTR1220150184', 27, 'Sudah', '09:58:54'),
(359, 'DFTR1220150178', 27, 'Sudah', '09:58:59'),
(360, 'DFTR1220150207', 27, 'Sudah', '09:59:02'),
(361, 'DFTR1220150190', 27, 'Sudah', '09:59:06'),
(362, 'DFTR1220150192', 27, 'Sudah', '09:59:11'),
(363, 'DFTR1220150200', 27, 'Sudah', '09:59:15'),
(364, 'DFTR1220150187', 27, 'Sudah', '09:59:34'),
(365, 'DFTR1220150177', 27, 'Sudah', '09:56:09'),
(366, 'DFTR1220150202', 27, 'Sudah', '09:56:24'),
(367, 'DFTR1220150217', 27, 'Sudah', '09:56:32'),
(368, 'DFTR1220150183', 27, 'Sudah', '09:56:42'),
(369, 'DFTR1220150206', 27, 'Sudah', '09:56:55'),
(370, 'DFTR1220150195', 27, 'Sudah', '09:57:02'),
(371, 'DFTR1220150183', 22, 'Sudah', '09:59:30'),
(372, 'DFTR1220150061', 28, 'Sudah', '18:55:49'),
(373, 'DFTR1220150198', 28, 'Sudah', '18:56:14'),
(374, 'DFTR1220150149', 28, 'Sudah', '19:00:28'),
(375, 'DFTR1220150154', 28, 'Sudah', '19:00:37'),
(376, 'DFTR1220150168', 28, 'Sudah', '19:00:45'),
(377, 'DFTR1220150156', 28, 'Sudah', '19:00:50'),
(378, 'DFTR1220150153', 28, 'Sudah', '19:01:04'),
(379, 'DFTR1220150160', 28, 'Sudah', '19:01:09'),
(380, 'DFTR1220150165', 28, 'Sudah', '19:01:15'),
(381, 'DFTR1220150169', 28, 'Sudah', '19:01:23'),
(382, 'DFTR1220150164', 28, 'Sudah', '19:01:32'),
(383, 'DFTR1220150185', 29, 'Sudah', '19:15:59'),
(384, 'DFTR1220150199', 29, 'Sudah', '19:16:41'),
(385, 'DFTR1220150181', 29, 'Sudah', '19:16:46'),
(386, 'DFTR1220150186', 29, 'Sudah', '19:16:49'),
(387, 'DFTR1220150194', 29, 'Sudah', '19:17:58'),
(388, 'DFTR1220150182', 29, 'Sudah', '19:18:08'),
(389, 'DFTR1220150172', 29, 'Sudah', '19:18:14'),
(390, 'DFTR1220150209', 29, 'Sudah', '19:19:30'),
(391, 'DFTR1220150210', 29, 'Sudah', '19:19:40'),
(392, 'DFTR1220150189', 29, 'Sudah', '19:19:49'),
(393, 'DFTR1220150208', 29, 'Sudah', '19:19:57'),
(394, 'DFTR1220150204', 29, 'Sudah', '19:28:42'),
(395, 'DFTR1220150150', 28, 'Sudah', '19:29:04'),
(396, 'DFTR1220150196', 29, 'Sudah', '19:52:07'),
(397, 'DFTR1220150197', 29, 'Sudah', '19:52:29'),
(398, 'DFTR1220150216', 30, 'Sudah', '20:11:20'),
(399, 'DFTR1220150213', 30, 'Sudah', '20:11:26'),
(400, 'DFTR1220150219', 30, 'Sudah', '20:11:32'),
(401, 'DFTR1220150163', 30, 'Sudah', '20:11:39'),
(402, 'DFTR1220150215', 30, 'Sudah', '20:13:19'),
(403, 'DFTR1220150218', 30, 'Sudah', '20:13:30'),
(404, 'DFTR1220150214', 30, 'Sudah', '20:13:37'),
(405, 'DFTR1220150158', 28, 'Sudah', '19:16:16'),
(406, 'DFTR1220150148', 30, 'Sudah', '20:54:32'),
(407, 'DFTR1220150161', 28, 'Sudah', '19:00:14'),
(408, 'DFTR1220150171', 26, 'Sudah', '09:07:48'),
(409, 'DFTR1220150035', 28, 'Sudah', '19:12:14'),
(410, 'DFTR1220150155', 28, 'Sudah', '19:19:57'),
(411, 'DFTR1220150212', 29, 'Sudah', '19:20:53'),
(412, 'DFTR1220150001', 30, 'Sudah', '21:21:42'),
(413, 'DFTR1220150157', 30, 'Sudah', '21:22:04'),
(414, 'DFTR1220150091', 120, 'Sudah', '09:41:30'),
(415, 'DFTR1220150093', 120, 'Sudah', '09:41:41'),
(416, 'DFTR1220150095', 120, 'Sudah', '09:41:50'),
(417, 'DFTR1220150097', 120, 'Sudah', '09:42:01'),
(418, 'DFTR1220150100', 120, 'Sudah', '09:42:09'),
(419, 'DFTR1220150101', 120, 'Sudah', '09:42:17'),
(420, 'DFTR1220150102', 120, 'Sudah', '09:42:26'),
(421, 'DFTR1220150103', 120, 'Sudah', '09:42:40'),
(423, 'DFTR1220150105', 120, 'Sudah', '09:42:52'),
(424, 'DFTR1220150106', 120, 'Sudah', '09:42:58'),
(425, 'DFTR1220150109', 120, 'Sudah', '09:43:06'),
(426, 'DFTR1220150111', 120, 'Sudah', '09:43:13'),
(427, 'DFTR1220150011', 119, 'Sudah', '09:25:57'),
(428, 'DFTR1220150034', 119, 'Sudah', '09:26:05'),
(429, 'DFTR1220150073', 119, 'Sudah', '09:26:11'),
(430, 'DFTR1220150037', 119, 'Sudah', '09:26:29'),
(431, 'DFTR1220150043', 119, 'Sudah', '09:26:35'),
(432, 'DFTR1220150044', 119, 'Sudah', '09:26:39'),
(433, 'DFTR1220150051', 119, 'Sudah', '09:26:52'),
(434, 'DFTR1220150053', 119, 'Sudah', '09:26:56'),
(435, 'DFTR1220150054', 119, 'Sudah', '09:27:05'),
(436, 'DFTR1220150056', 119, 'Sudah', '09:27:10'),
(437, 'DFTR1220150060', 119, 'Sudah', '09:27:13'),
(438, 'DFTR1220150062', 119, 'Sudah', '09:27:17'),
(439, 'DFTR1220150064', 119, 'Sudah', '09:27:26'),
(440, 'DFTR1220150066', 119, 'Sudah', '09:27:29'),
(441, 'DFTR1220150074', 119, 'Sudah', '09:27:38'),
(442, 'DFTR1220150080', 119, 'Sudah', '09:27:43'),
(443, 'DFTR1220150081', 119, 'Sudah', '09:27:47'),
(444, 'DFTR1220150088', 119, 'Sudah', '09:27:51'),
(445, 'DFTR1220150114', 121, 'Sudah', '11:28:38'),
(446, 'DFTR1220150118', 121, 'Sudah', '11:28:44'),
(447, 'DFTR1220150120', 121, 'Sudah', '11:28:48'),
(449, 'DFTR1220150124', 121, 'Sudah', '11:29:02'),
(450, 'DFTR1220150125', 121, 'Sudah', '11:29:06'),
(451, 'DFTR1220150128', 121, 'Sudah', '11:29:12'),
(452, 'DFTR1220150129', 121, 'Sudah', '11:29:15'),
(453, 'DFTR1220150131', 121, 'Sudah', '11:29:19'),
(454, 'DFTR1220150134', 121, 'Sudah', '11:29:24'),
(455, 'DFTR1220150136', 121, 'Sudah', '11:29:28'),
(457, 'DFTR1220150247', 120, 'Sudah', '09:46:06'),
(458, 'DFTR1220150248', 120, 'Sudah', '09:46:14'),
(462, 'DFTR1220150130', 121, 'Sudah', '11:22:34'),
(463, 'DFTR1220150002', 122, 'Sudah', '18:52:52'),
(465, 'DFTR1220150033', 122, 'Sudah', '18:53:17'),
(466, 'DFTR1220150035', 122, 'Sudah', '18:53:24'),
(468, 'DFTR1220150038', 122, 'Sudah', '18:53:33'),
(469, 'DFTR1220150039', 122, 'Sudah', '18:53:36'),
(470, 'DFTR1220150040', 122, 'Sudah', '18:53:40'),
(471, 'DFTR1220150042', 122, 'Sudah', '18:53:46'),
(472, 'DFTR1220150045', 122, 'Sudah', '18:53:52'),
(473, 'DFTR1220150046', 122, 'Sudah', '18:53:55'),
(474, 'DFTR1220150047', 122, 'Sudah', '18:53:59'),
(475, 'DFTR1220150049', 122, 'Sudah', '18:54:04'),
(476, 'DFTR1220150055', 122, 'Sudah', '18:54:07'),
(477, 'DFTR1220150061', 123, 'Sudah', '18:54:42'),
(478, 'DFTR1220150063', 123, 'Sudah', '18:54:46'),
(479, 'DFTR1220150065', 123, 'Sudah', '18:56:04'),
(480, 'DFTR1220150067', 123, 'Sudah', '18:56:08'),
(481, 'DFTR1220150068', 123, 'Sudah', '18:56:19'),
(482, 'DFTR1220150069', 123, 'Sudah', '18:56:23'),
(484, 'DFTR1220150072', 123, 'Sudah', '18:56:28'),
(487, 'DFTR1220150077', 123, 'Sudah', '18:56:39'),
(488, 'DFTR1220150078', 123, 'Sudah', '18:56:41'),
(489, 'DFTR1220150079', 123, 'Sudah', '18:56:44'),
(490, 'DFTR1220150083', 124, 'Sudah', '20:02:19'),
(491, 'DFTR1220150084', 124, 'Sudah', '20:02:23'),
(492, 'DFTR1220150085', 124, 'Sudah', '20:02:25'),
(493, 'DFTR1220150086', 124, 'Sudah', '20:02:27'),
(494, 'DFTR1220150087', 124, 'Sudah', '20:02:32'),
(495, 'DFTR1220150089', 124, 'Sudah', '20:02:34'),
(496, 'DFTR1220150090', 124, 'Sudah', '20:02:39'),
(497, 'DFTR1220150092', 124, 'Sudah', '20:02:42'),
(498, 'DFTR1220150096', 124, 'Sudah', '20:02:45'),
(499, 'DFTR1220150098', 124, 'Sudah', '20:02:48'),
(500, 'DFTR1220150099', 124, 'Sudah', '20:02:51'),
(501, 'DFTR1220150001', 125, 'Sudah', '20:03:11'),
(502, 'DFTR1220150116', 125, 'Sudah', '20:03:18'),
(503, 'DFTR1220150117', 125, 'Sudah', '20:03:21'),
(504, 'DFTR1220150119', 125, 'Sudah', '20:03:25'),
(505, 'DFTR1220150121', 125, 'Sudah', '20:03:28'),
(506, 'DFTR1220150123', 125, 'Sudah', '20:03:30'),
(507, 'DFTR1220150126', 125, 'Sudah', '20:03:32'),
(508, 'DFTR1220150127', 125, 'Sudah', '20:03:35'),
(509, 'DFTR1220150132', 125, 'Sudah', '20:03:40'),
(510, 'DFTR1220150133', 125, 'Sudah', '20:03:44'),
(511, 'DFTR1220150135', 125, 'Sudah', '20:03:47'),
(513, 'DFTR1220150137', 125, 'Sudah', '20:03:53'),
(514, 'DFTR1220150011', 126, 'Sudah', '09:04:50'),
(516, 'DFTR1220150073', 126, 'Sudah', '09:05:00'),
(517, 'DFTR1220150043', 126, 'Sudah', '09:05:18'),
(518, 'DFTR1220150044', 126, 'Sudah', '09:05:23'),
(519, 'DFTR1220150051', 126, 'Sudah', '09:05:27'),
(521, 'DFTR1220150054', 126, 'Sudah', '09:05:34'),
(522, 'DFTR1220150056', 126, 'Sudah', '09:05:43'),
(523, 'DFTR1220150060', 126, 'Sudah', '09:05:54'),
(524, 'DFTR1220150062', 126, 'Sudah', '09:05:59'),
(525, 'DFTR1220150037', 126, 'Sudah', '09:06:02'),
(526, 'DFTR1220150074', 126, 'Sudah', '09:06:44'),
(527, 'DFTR1220150080', 126, 'Sudah', '09:06:48'),
(528, 'DFTR1220150081', 126, 'Sudah', '09:06:51'),
(529, 'DFTR1220150088', 126, 'Sudah', '09:06:56'),
(531, 'DFTR1220150093', 127, 'Sudah', '09:07:39'),
(532, 'DFTR1220150094', 127, 'Sudah', '09:07:44'),
(533, 'DFTR1220150095', 127, 'Sudah', '09:07:48'),
(534, 'DFTR1220150097', 127, 'Sudah', '09:07:51'),
(535, 'DFTR1220150100', 127, 'Sudah', '09:07:57'),
(536, 'DFTR1220150101', 127, 'Sudah', '09:08:01'),
(537, 'DFTR1220150102', 127, 'Sudah', '09:08:04'),
(538, 'DFTR1220150103', 127, 'Sudah', '09:08:09'),
(539, 'DFTR1220150104', 127, 'Sudah', '09:58:47'),
(540, 'DFTR1220150105', 127, 'Sudah', '09:58:53'),
(541, 'DFTR1220150106', 127, 'Sudah', '09:58:56'),
(542, 'DFTR1220150109', 127, 'Sudah', '09:58:59'),
(543, 'DFTR1220150111', 127, 'Sudah', '09:59:03'),
(544, 'DFTR1220150247', 127, 'Sudah', '09:59:06'),
(545, 'DFTR1220150248', 127, 'Sudah', '09:59:11'),
(546, 'DFTR1220150050', 127, 'Sudah', '09:59:42'),
(547, 'DFTR1220150114', 128, 'Sudah', '11:00:29'),
(548, 'DFTR1220150118', 128, 'Sudah', '11:00:43'),
(549, 'DFTR1220150120', 128, 'Sudah', '11:00:53'),
(551, 'DFTR1220150124', 128, 'Sudah', '11:00:59'),
(552, 'DFTR1220150125', 128, 'Sudah', '11:01:01'),
(553, 'DFTR1220150128', 128, 'Sudah', '11:01:04'),
(554, 'DFTR1220150129', 128, 'Sudah', '11:01:06'),
(555, 'DFTR1220150130', 128, 'Sudah', '11:01:10'),
(556, 'DFTR1220150131', 128, 'Sudah', '11:01:14'),
(557, 'DFTR1220150134', 128, 'Sudah', '11:01:18'),
(558, 'DFTR1220150136', 128, 'Sudah', '11:01:22'),
(559, 'DFTR1220150140', 128, 'Sudah', '11:01:39'),
(560, 'DFTR1220150033', 129, 'Sudah', '18:52:10'),
(561, 'DFTR1220150035', 129, 'Sudah', '18:52:18'),
(562, 'DFTR1220150036', 129, 'Sudah', '18:52:23'),
(563, 'DFTR1220150038', 129, 'Sudah', '18:53:11'),
(564, 'DFTR1220150039', 129, 'Sudah', '18:53:17'),
(565, 'DFTR1220150040', 129, 'Sudah', '18:53:21'),
(566, 'DFTR1220150042', 129, 'Sudah', '18:53:26'),
(567, 'DFTR1220150045', 129, 'Sudah', '18:53:30'),
(568, 'DFTR1220150046', 129, 'Sudah', '18:53:35'),
(569, 'DFTR1220150047', 129, 'Sudah', '18:53:39'),
(570, 'DFTR1220150049', 129, 'Sudah', '18:53:51'),
(571, 'DFTR1220150055', 129, 'Sudah', '18:53:56'),
(572, 'DFTR1220150083', 131, 'Sudah', '20:05:00'),
(573, 'DFTR1220150084', 131, 'Sudah', '20:05:06'),
(574, 'DFTR1220150086', 131, 'Sudah', '20:05:16'),
(575, 'DFTR1220150089', 131, 'Sudah', '20:05:24'),
(576, 'DFTR1220150090', 131, 'Sudah', '20:05:34'),
(577, 'DFTR1220150092', 131, 'Sudah', '20:05:40'),
(578, 'DFTR1220150112', 131, 'Sudah', '20:05:47'),
(579, 'DFTR1220150058', 129, 'Sudah', '18:45:04'),
(580, 'DFTR1220150063', 130, 'Sudah', '18:45:42'),
(581, 'DFTR1220150068', 130, 'Sudah', '18:45:53'),
(582, 'DFTR1220150069', 130, 'Sudah', '18:45:59'),
(583, 'DFTR1220150070', 130, 'Sudah', '18:46:02'),
(584, 'DFTR1220150072', 130, 'Sudah', '18:46:06'),
(585, 'DFTR1220150075', 130, 'Sudah', '18:46:12'),
(586, 'DFTR1220150076', 130, 'Sudah', '18:46:16'),
(587, 'DFTR1220150078', 130, 'Sudah', '18:46:21'),
(588, 'DFTR1220150079', 130, 'Sudah', '18:46:27'),
(589, 'DFTR1220150082', 130, 'Sudah', '18:46:30'),
(590, 'DFTR1220150108', 130, 'Sudah', '18:46:41'),
(591, 'DFTR1220150251', 130, 'Sudah', '18:47:40'),
(592, 'DFTR1220150110', 131, 'Sudah', '19:49:48'),
(593, 'DFTR1220150249', 131, 'Sudah', '19:50:05'),
(594, 'DFTR1220150250', 131, 'Sudah', '19:50:09'),
(595, 'DFTR1220150001', 132, 'Sudah', '19:50:28'),
(596, 'DFTR1220150115', 132, 'Sudah', '19:50:34'),
(597, 'DFTR1220150116', 132, 'Sudah', '19:50:38'),
(598, 'DFTR1220150117', 132, 'Sudah', '19:50:43'),
(599, 'DFTR1220150119', 132, 'Sudah', '19:50:47'),
(601, 'DFTR1220150123', 132, 'Sudah', '19:50:54'),
(603, 'DFTR1220150127', 132, 'Sudah', '19:51:13'),
(604, 'DFTR1220150135', 132, 'Sudah', '19:51:18'),
(605, 'DFTR1220150137', 132, 'Sudah', '19:51:25'),
(606, 'DFTR1220150139', 132, 'Sudah', '19:51:36'),
(607, 'DFTR1220150143', 132, 'Sudah', '19:51:46'),
(608, 'DFTR1220150140', 121, 'Sudah', '11:55:02'),
(609, 'DFTR1220150082', 123, 'Sudah', '18:58:02'),
(610, 'DFTR1220150251', 123, 'Sudah', '18:58:40'),
(611, 'DFTR1220150077', 130, 'Sudah', '19:02:56'),
(612, 'DFTR1220150066', 126, 'Sudah', '09:34:54'),
(615, 'DFTR1220150034', 133, 'Sudah', '09:35:40'),
(616, 'DFTR1220150037', 133, 'Sudah', '09:35:47'),
(617, 'DFTR1220150043', 133, 'Sudah', '09:37:12'),
(618, 'DFTR1220150044', 133, 'Sudah', '09:37:48'),
(619, 'DFTR1220150051', 133, 'Sudah', '09:38:05'),
(620, 'DFTR1220150053', 133, 'Sudah', '09:38:29'),
(621, 'DFTR1220150056', 133, 'Sudah', '09:39:00'),
(622, 'DFTR1220150060', 133, 'Sudah', '09:39:24'),
(623, 'DFTR1220150062', 133, 'Sudah', '09:39:39'),
(624, 'DFTR1220150066', 133, 'Sudah', '09:39:51'),
(625, 'DFTR1220150073', 133, 'Sudah', '09:40:00'),
(626, 'DFTR1220150074', 133, 'Sudah', '09:40:15'),
(627, 'DFTR1220150080', 133, 'Sudah', '09:40:40'),
(628, 'DFTR1220150081', 133, 'Sudah', '09:40:51'),
(629, 'DFTR1220150088', 133, 'Sudah', '09:41:07'),
(630, 'DFTR1220150093', 134, 'Sudah', '09:43:05'),
(631, 'DFTR1220150094', 134, 'Sudah', '09:43:32'),
(632, 'DFTR1220150095', 134, 'Sudah', '09:43:47'),
(633, 'DFTR1220150097', 134, 'Sudah', '09:43:59'),
(634, 'DFTR1220150100', 134, 'Sudah', '09:44:40'),
(635, 'DFTR1220150101', 134, 'Sudah', '09:45:00'),
(636, 'DFTR1220150102', 134, 'Sudah', '09:45:11'),
(637, 'DFTR1220150103', 134, 'Sudah', '09:46:35'),
(638, 'DFTR1220150104', 134, 'Sudah', '09:46:43'),
(639, 'DFTR1220150105', 134, 'Sudah', '09:46:47'),
(640, 'DFTR1220150106', 134, 'Sudah', '09:46:56'),
(641, 'DFTR1220150109', 134, 'Sudah', '09:47:09'),
(642, 'DFTR1220150247', 134, 'Sudah', '09:47:29'),
(643, 'DFTR1220150248', 134, 'Sudah', '09:47:39'),
(644, 'DFTR1220150050', 134, 'Sudah', '09:47:52'),
(645, 'DFTR1220150252', 119, 'Sudah', '09:57:14'),
(646, 'DFTR1220150252', 133, 'Sudah', '09:57:22'),
(647, 'DFTR1220150054', 133, 'Sudah', '10:02:26'),
(648, 'DFTR1220150114', 135, 'Sudah', '11:18:29'),
(649, 'DFTR1220150118', 135, 'Sudah', '11:18:32'),
(650, 'DFTR1220150120', 135, 'Sudah', '11:18:38'),
(651, 'DFTR1220150124', 135, 'Sudah', '11:18:47'),
(652, 'DFTR1220150125', 135, 'Sudah', '11:18:52'),
(653, 'DFTR1220150128', 135, 'Sudah', '11:18:56'),
(654, 'DFTR1220150129', 135, 'Sudah', '11:19:02'),
(655, 'DFTR1220150130', 135, 'Sudah', '11:19:07'),
(656, 'DFTR1220150131', 135, 'Sudah', '11:19:10'),
(657, 'DFTR1220150134', 135, 'Sudah', '11:19:14'),
(658, 'DFTR1220150136', 135, 'Sudah', '11:19:19'),
(659, 'DFTR1220150140', 135, 'Sudah', '11:19:24'),
(660, 'DFTR1220150033', 136, 'Sudah', '18:42:30'),
(661, 'DFTR1220150035', 136, 'Sudah', '18:42:45'),
(662, 'DFTR1220150036', 136, 'Sudah', '18:42:56'),
(663, 'DFTR1220150038', 136, 'Sudah', '18:43:03'),
(664, 'DFTR1220150039', 136, 'Sudah', '18:43:24'),
(665, 'DFTR1220150040', 136, 'Sudah', '18:43:28'),
(666, 'DFTR1220150042', 136, 'Sudah', '18:43:33'),
(667, 'DFTR1220150045', 136, 'Sudah', '18:43:40'),
(668, 'DFTR1220150046', 136, 'Sudah', '18:43:43'),
(669, 'DFTR1220150047', 136, 'Sudah', '18:43:47'),
(670, 'DFTR1220150049', 136, 'Sudah', '18:43:50'),
(671, 'DFTR1220150055', 136, 'Sudah', '18:58:36'),
(672, 'DFTR1220150058', 136, 'Sudah', '18:58:46'),
(673, 'DFTR1220150061', 137, 'Sudah', '18:59:03'),
(674, 'DFTR1220150063', 137, 'Sudah', '18:59:09'),
(675, 'DFTR1220150065', 137, 'Sudah', '18:59:26'),
(676, 'DFTR1220150068', 137, 'Sudah', '18:59:34'),
(677, 'DFTR1220150069', 137, 'Sudah', '18:59:37'),
(678, 'DFTR1220150070', 137, 'Sudah', '18:59:40'),
(679, 'DFTR1220150075', 137, 'Sudah', '18:59:47'),
(680, 'DFTR1220150076', 137, 'Sudah', '18:59:53'),
(681, 'DFTR1220150078', 137, 'Sudah', '19:00:04'),
(682, 'DFTR1220150079', 137, 'Sudah', '19:00:09'),
(683, 'DFTR1220150108', 137, 'Sudah', '19:00:20'),
(684, 'DFTR1220150251', 137, 'Sudah', '19:00:26'),
(685, 'DFTR1220150084', 138, 'Sudah', '20:01:29'),
(686, 'DFTR1220150087', 138, 'Sudah', '20:01:40'),
(687, 'DFTR1220150089', 138, 'Sudah', '20:01:45'),
(688, 'DFTR1220150096', 138, 'Sudah', '20:01:51'),
(689, 'DFTR1220150098', 138, 'Sudah', '20:01:59'),
(690, 'DFTR1220150112', 138, 'Sudah', '20:02:08'),
(691, 'DFTR1220150113', 138, 'Sudah', '20:02:18'),
(692, 'DFTR1220150249', 138, 'Sudah', '20:02:25'),
(693, 'DFTR1220150250', 138, 'Sudah', '20:02:29'),
(694, 'DFTR1220150119', 139, 'Sudah', '20:02:51'),
(695, 'DFTR1220150121', 139, 'Sudah', '20:02:56'),
(696, 'DFTR1220150123', 139, 'Sudah', '20:03:03'),
(697, 'DFTR1220150126', 139, 'Sudah', '20:03:08'),
(698, 'DFTR1220150127', 139, 'Sudah', '20:03:11'),
(699, 'DFTR1220150132', 139, 'Sudah', '20:03:15'),
(700, 'DFTR1220150135', 139, 'Sudah', '20:03:26'),
(701, 'DFTR1220150137', 139, 'Sudah', '20:03:37'),
(702, 'DFTR1220150139', 139, 'Sudah', '20:03:44'),
(703, 'DFTR1220150011', 140, 'Sudah', '09:37:36'),
(705, 'DFTR1220150037', 140, 'Sudah', '09:37:47'),
(706, 'DFTR1220150043', 140, 'Sudah', '09:37:53'),
(707, 'DFTR1220150044', 140, 'Sudah', '09:37:59'),
(708, 'DFTR1220150051', 140, 'Sudah', '09:38:13'),
(710, 'DFTR1220150054', 140, 'Sudah', '09:38:26'),
(711, 'DFTR1220150056', 140, 'Sudah', '09:38:32'),
(712, 'DFTR1220150060', 140, 'Sudah', '09:38:41'),
(713, 'DFTR1220150062', 140, 'Sudah', '09:38:48'),
(714, 'DFTR1220150073', 140, 'Sudah', '09:39:04'),
(715, 'DFTR1220150074', 140, 'Sudah', '09:39:13'),
(716, 'DFTR1220150080', 140, 'Sudah', '09:39:18'),
(717, 'DFTR1220150081', 140, 'Sudah', '09:39:24'),
(718, 'DFTR1220150088', 140, 'Sudah', '09:39:28'),
(719, 'DFTR1220150252', 140, 'Sudah', '09:39:37'),
(720, 'DFTR1220150114', 142, 'Sudah', '10:40:09'),
(721, 'DFTR1220150118', 142, 'Sudah', '10:40:14'),
(722, 'DFTR1220150120', 142, 'Sudah', '10:40:21'),
(723, 'DFTR1220150124', 142, 'Sudah', '10:40:28'),
(724, 'DFTR1220150125', 142, 'Sudah', '10:40:33'),
(725, 'DFTR1220150128', 142, 'Sudah', '10:40:37'),
(726, 'DFTR1220150129', 142, 'Sudah', '10:40:46'),
(727, 'DFTR1220150131', 142, 'Sudah', '10:40:55'),
(728, 'DFTR1220150134', 142, 'Sudah', '10:41:00'),
(729, 'DFTR1220150136', 142, 'Sudah', '10:41:05'),
(730, 'DFTR1220150140', 142, 'Sudah', '10:41:09'),
(731, 'DFTR1220150130', 142, 'Sudah', '10:41:59'),
(732, 'DFTR1220150026', 143, 'Sudah', '18:56:21'),
(733, 'DFTR1220150033', 143, 'Sudah', '18:56:33'),
(734, 'DFTR1220150035', 143, 'Sudah', '18:56:41'),
(735, 'DFTR1220150038', 143, 'Sudah', '18:56:53'),
(736, 'DFTR1220150039', 143, 'Sudah', '18:57:05'),
(737, 'DFTR1220150042', 143, 'Sudah', '18:57:10'),
(738, 'DFTR1220150045', 143, 'Sudah', '18:57:16'),
(739, 'DFTR1220150046', 143, 'Sudah', '18:57:23'),
(740, 'DFTR1220150049', 143, 'Sudah', '18:57:29'),
(741, 'DFTR1220150055', 143, 'Sudah', '18:57:36'),
(742, 'DFTR1220150058', 143, 'Sudah', '18:57:52'),
(743, 'DFTR1220150040', 143, 'Sudah', '18:58:23'),
(744, 'DFTR1220150083', 145, 'Sudah', '20:14:53'),
(745, 'DFTR1220150084', 145, 'Sudah', '20:15:00'),
(746, 'DFTR1220150086', 145, 'Sudah', '20:15:15'),
(747, 'DFTR1220150087', 145, 'Sudah', '20:15:24'),
(748, 'DFTR1220150090', 145, 'Sudah', '20:15:32'),
(749, 'DFTR1220150092', 145, 'Sudah', '20:15:40'),
(750, 'DFTR1220150096', 145, 'Sudah', '20:15:45'),
(751, 'DFTR1220150112', 145, 'Sudah', '20:15:53'),
(752, 'DFTR1220150098', 145, 'Sudah', '20:17:08'),
(753, 'DFTR1220150249', 145, 'Sudah', '20:17:46'),
(754, 'DFTR1220150250', 145, 'Sudah', '20:17:54'),
(755, 'DFTR1220150061', 144, 'Sudah', '18:46:44'),
(756, 'DFTR1220150063', 144, 'Sudah', '18:46:55'),
(757, 'DFTR1220150065', 144, 'Sudah', '18:47:00'),
(758, 'DFTR1220150067', 144, 'Sudah', '18:47:05'),
(759, 'DFTR1220150068', 144, 'Sudah', '18:47:19'),
(760, 'DFTR1220150070', 144, 'Sudah', '18:47:25'),
(761, 'DFTR1220150075', 144, 'Sudah', '18:47:40'),
(762, 'DFTR1220150077', 144, 'Sudah', '18:47:52'),
(763, 'DFTR1220150082', 144, 'Sudah', '18:47:59'),
(764, 'DFTR1220150108', 144, 'Sudah', '18:48:11'),
(765, 'DFTR1220150251', 144, 'Sudah', '18:48:20'),
(766, 'DFTR1220150076', 144, 'Sudah', '18:49:16'),
(767, 'DFTR1220150115', 146, 'Sudah', '19:54:29'),
(768, 'DFTR1220150116', 146, 'Sudah', '19:54:37'),
(769, 'DFTR1220150119', 146, 'Sudah', '19:54:48'),
(770, 'DFTR1220150121', 146, 'Sudah', '19:54:56'),
(771, 'DFTR1220150123', 146, 'Sudah', '19:55:03'),
(772, 'DFTR1220150126', 146, 'Sudah', '19:55:09'),
(773, 'DFTR1220150127', 146, 'Sudah', '19:55:15'),
(774, 'DFTR1220150132', 146, 'Sudah', '19:55:22'),
(775, 'DFTR1220150135', 146, 'Sudah', '19:55:33'),
(776, 'DFTR1220150220', 146, 'Sudah', '19:55:44'),
(777, 'DFTR1220150137', 146, 'Sudah', '19:55:56'),
(778, 'DFTR1220150139', 146, 'Sudah', '19:56:07'),
(779, 'DFTR1220150011', 147, 'Sudah', '09:15:28'),
(780, 'DFTR1220150037', 147, 'Sudah', '09:15:33'),
(781, 'DFTR1220150043', 147, 'Sudah', '09:15:44'),
(782, 'DFTR1220150044', 147, 'Sudah', '09:15:56'),
(783, 'DFTR1220150051', 147, 'Sudah', '09:16:02'),
(784, 'DFTR1220150056', 147, 'Sudah', '09:16:13'),
(785, 'DFTR1220150060', 147, 'Sudah', '09:16:20'),
(786, 'DFTR1220150062', 147, 'Sudah', '09:16:25'),
(787, 'DFTR1220150066', 147, 'Sudah', '09:16:32'),
(788, 'DFTR1220150073', 147, 'Sudah', '09:16:37'),
(789, 'DFTR1220150074', 147, 'Sudah', '09:17:03'),
(790, 'DFTR1220150080', 147, 'Sudah', '09:17:13'),
(791, 'DFTR1220150081', 147, 'Sudah', '09:17:19'),
(792, 'DFTR1220150088', 147, 'Sudah', '09:17:27'),
(793, 'DFTR1220150252', 147, 'Sudah', '09:17:34'),
(794, 'DFTR1220150054', 147, 'Sudah', '09:20:57'),
(795, 'DFTR1220150114', 149, 'Sudah', '11:17:06'),
(796, 'DFTR1220150118', 149, 'Sudah', '11:17:15'),
(797, 'DFTR1220150120', 149, 'Sudah', '11:17:26'),
(798, 'DFTR1220150124', 149, 'Sudah', '11:17:36'),
(799, 'DFTR1220150125', 149, 'Sudah', '11:17:43'),
(800, 'DFTR1220150128', 149, 'Sudah', '11:17:51'),
(801, 'DFTR1220150129', 149, 'Sudah', '11:17:55'),
(802, 'DFTR1220150130', 149, 'Sudah', '11:17:59'),
(803, 'DFTR1220150131', 149, 'Sudah', '11:18:07'),
(804, 'DFTR1220150134', 149, 'Sudah', '11:18:11'),
(805, 'DFTR1220150136', 149, 'Sudah', '11:18:19'),
(806, 'DFTR1220150140', 149, 'Sudah', '11:18:27'),
(808, 'DFTR1220150093', 141, 'Sudah', '10:07:14'),
(809, 'DFTR1220150094', 141, 'Sudah', '10:07:33'),
(810, 'DFTR1220150095', 141, 'Sudah', '10:07:36'),
(811, 'DFTR1220150097', 141, 'Sudah', '10:07:40'),
(812, 'DFTR1220150100', 141, 'Sudah', '10:07:44'),
(813, 'DFTR1220150101', 141, 'Sudah', '10:07:46'),
(814, 'DFTR1220150102', 141, 'Sudah', '10:07:51'),
(815, 'DFTR1220150103', 141, 'Sudah', '10:07:54'),
(816, 'DFTR1220150104', 141, 'Sudah', '10:07:56'),
(817, 'DFTR1220150105', 141, 'Sudah', '10:08:00'),
(818, 'DFTR1220150106', 141, 'Sudah', '10:08:03'),
(819, 'DFTR1220150109', 141, 'Sudah', '10:08:05'),
(820, 'DFTR1220150111', 141, 'Sudah', '10:08:08'),
(821, 'DFTR1220150248', 141, 'Sudah', '10:08:19'),
(822, 'DFTR1220150247', 141, 'Sudah', '10:08:30'),
(823, 'DFTR1220150050', 141, 'Sudah', '10:08:37'),
(825, 'DFTR1220150093', 148, 'Sudah', '10:09:06'),
(826, 'DFTR1220150094', 148, 'Sudah', '10:09:21'),
(827, 'DFTR1220150095', 148, 'Sudah', '10:09:24'),
(828, 'DFTR1220150097', 148, 'Sudah', '10:09:28'),
(829, 'DFTR1220150100', 148, 'Sudah', '10:09:33'),
(830, 'DFTR1220150101', 148, 'Sudah', '10:09:36'),
(831, 'DFTR1220150102', 148, 'Sudah', '10:09:39'),
(832, 'DFTR1220150103', 148, 'Sudah', '10:09:42'),
(833, 'DFTR1220150104', 148, 'Sudah', '10:09:45'),
(834, 'DFTR1220150105', 148, 'Sudah', '10:09:48'),
(835, 'DFTR1220150106', 148, 'Sudah', '10:09:52'),
(836, 'DFTR1220150109', 148, 'Sudah', '10:10:02'),
(837, 'DFTR1220150111', 148, 'Sudah', '10:10:12'),
(838, 'DFTR1220150247', 148, 'Sudah', '10:10:18'),
(839, 'DFTR1220150248', 148, 'Sudah', '10:10:43'),
(840, 'DFTR1220150050', 148, 'Sudah', '10:10:50'),
(841, 'DFTR1220150026', 150, 'Sudah', '18:54:05'),
(842, 'DFTR1220150033', 150, 'Sudah', '18:54:20'),
(843, 'DFTR1220150035', 150, 'Sudah', '18:54:26'),
(844, 'DFTR1220150036', 150, 'Sudah', '18:54:37'),
(845, 'DFTR1220150038', 150, 'Sudah', '18:54:40'),
(846, 'DFTR1220150039', 150, 'Sudah', '18:54:45'),
(847, 'DFTR1220150040', 150, 'Sudah', '18:55:09'),
(848, 'DFTR1220150042', 150, 'Sudah', '18:55:13'),
(849, 'DFTR1220150045', 150, 'Sudah', '18:55:20'),
(850, 'DFTR1220150046', 150, 'Sudah', '18:55:24'),
(851, 'DFTR1220150047', 150, 'Sudah', '18:55:28'),
(852, 'DFTR1220150049', 150, 'Sudah', '18:55:31'),
(853, 'DFTR1220150055', 150, 'Sudah', '18:55:34'),
(854, 'DFTR1220150058', 150, 'Sudah', '18:55:42'),
(855, 'DFTR1220150061', 151, 'Sudah', '19:14:06'),
(856, 'DFTR1220150063', 151, 'Sudah', '19:14:13'),
(858, 'DFTR1220150067', 151, 'Sudah', '19:14:35'),
(859, 'DFTR1220150069', 151, 'Sudah', '19:14:43'),
(860, 'DFTR1220150072', 151, 'Sudah', '19:14:49'),
(861, 'DFTR1220150077', 151, 'Sudah', '19:14:54'),
(862, 'DFTR1220150078', 151, 'Sudah', '19:14:59'),
(863, 'DFTR1220150079', 151, 'Sudah', '19:15:04'),
(864, 'DFTR1220150082', 151, 'Sudah', '19:15:07'),
(865, 'DFTR1220150108', 151, 'Sudah', '19:15:16'),
(866, 'DFTR1220150251', 151, 'Sudah', '19:15:25'),
(867, 'DFTR1220150085', 152, 'Sudah', '20:10:17'),
(868, 'DFTR1220150090', 152, 'Sudah', '20:10:23'),
(869, 'DFTR1220150110', 152, 'Sudah', '20:10:35'),
(870, 'DFTR1220150112', 152, 'Sudah', '20:10:41'),
(871, 'DFTR1220150249', 152, 'Sudah', '20:11:02'),
(872, 'DFTR1220150250', 152, 'Sudah', '20:11:06'),
(873, 'DFTR1220150083', 152, 'Sudah', '20:09:00'),
(874, 'DFTR1220150084', 152, 'Sudah', '20:09:12'),
(875, 'DFTR1220150086', 152, 'Sudah', '20:09:23'),
(877, 'DFTR1220150092', 152, 'Sudah', '20:09:55'),
(878, 'DFTR1220150098', 152, 'Sudah', '20:10:12'),
(879, 'DFTR1220150099', 152, 'Sudah', '20:10:22'),
(880, 'DFTR1220150001', 153, 'Sudah', '20:11:45'),
(881, 'DFTR1220150115', 153, 'Sudah', '20:11:52'),
(882, 'DFTR1220150116', 153, 'Sudah', '20:11:57'),
(883, 'DFTR1220150117', 153, 'Sudah', '20:12:03'),
(884, 'DFTR1220150123', 153, 'Sudah', '20:12:11'),
(885, 'DFTR1220150127', 153, 'Sudah', '20:12:19'),
(886, 'DFTR1220150220', 153, 'Sudah', '20:12:24'),
(887, 'DFTR1220150137', 153, 'Sudah', '20:12:31'),
(888, 'DFTR1220150139', 153, 'Sudah', '20:12:38'),
(889, 'DFTR1220150011', 154, 'Sudah', '09:47:59'),
(890, 'DFTR1220150034', 154, 'Sudah', '09:48:06'),
(891, 'DFTR1220150037', 154, 'Sudah', '09:48:10'),
(892, 'DFTR1220150043', 154, 'Sudah', '09:48:15'),
(893, 'DFTR1220150044', 154, 'Sudah', '09:48:19'),
(894, 'DFTR1220150051', 154, 'Sudah', '09:48:23'),
(895, 'DFTR1220150053', 154, 'Sudah', '09:48:28'),
(896, 'DFTR1220150056', 154, 'Sudah', '09:48:34'),
(897, 'DFTR1220150060', 154, 'Sudah', '09:48:38'),
(898, 'DFTR1220150064', 154, 'Sudah', '09:48:45'),
(899, 'DFTR1220150066', 154, 'Sudah', '09:48:49'),
(900, 'DFTR1220150073', 154, 'Sudah', '09:48:56'),
(901, 'DFTR1220150074', 154, 'Sudah', '09:49:12'),
(902, 'DFTR1220150080', 154, 'Sudah', '09:49:18'),
(903, 'DFTR1220150081', 154, 'Sudah', '09:49:22'),
(904, 'DFTR1220150088', 154, 'Sudah', '09:49:26'),
(905, 'DFTR1220150054', 154, 'Sudah', '09:20:00'),
(906, 'DFTR1220150062', 154, 'Sudah', '09:20:17'),
(907, 'DFTR1220150252', 154, 'Sudah', '09:20:39'),
(909, 'DFTR1220150093', 155, 'Sudah', '09:21:09'),
(910, 'DFTR1220150094', 155, 'Sudah', '09:21:23'),
(911, 'DFTR1220150095', 155, 'Sudah', '09:21:30'),
(913, 'DFTR1220150100', 155, 'Sudah', '09:21:37'),
(914, 'DFTR1220150101', 155, 'Sudah', '09:21:44'),
(915, 'DFTR1220150102', 155, 'Sudah', '09:22:26'),
(916, 'DFTR1220150103', 155, 'Sudah', '09:22:28'),
(917, 'DFTR1220150104', 155, 'Sudah', '09:22:30'),
(918, 'DFTR1220150105', 155, 'Sudah', '09:22:32'),
(919, 'DFTR1220150106', 155, 'Sudah', '09:22:34'),
(920, 'DFTR1220150109', 155, 'Sudah', '09:22:38'),
(921, 'DFTR1220150111', 155, 'Sudah', '09:22:41'),
(922, 'DFTR1220150247', 155, 'Sudah', '09:22:46'),
(923, 'DFTR1220150248', 155, 'Sudah', '09:22:56'),
(924, 'DFTR1220150050', 155, 'Sudah', '09:23:10'),
(925, 'DFTR1220150253', 134, 'Sudah', '09:28:06'),
(926, 'DFTR1220150253', 141, 'Sudah', '09:28:21'),
(927, 'DFTR1220150253', 148, 'Sudah', '09:28:32'),
(928, 'DFTR1220150253', 155, 'Sudah', '09:28:37'),
(929, 'DFTR1220150114', 156, 'Sudah', '11:32:33'),
(930, 'DFTR1220150118', 156, 'Sudah', '11:32:35'),
(931, 'DFTR1220150120', 156, 'Sudah', '11:32:38'),
(933, 'DFTR1220150124', 156, 'Sudah', '11:32:45'),
(934, 'DFTR1220150125', 156, 'Sudah', '11:36:10'),
(935, 'DFTR1220150128', 156, 'Sudah', '11:36:14'),
(936, 'DFTR1220150129', 156, 'Sudah', '11:36:18'),
(937, 'DFTR1220150130', 156, 'Sudah', '11:36:25'),
(938, 'DFTR1220150131', 156, 'Sudah', '11:36:28'),
(939, 'DFTR1220150134', 156, 'Sudah', '11:36:31'),
(940, 'DFTR1220150136', 156, 'Sudah', '11:36:34'),
(941, 'DFTR1220150140', 156, 'Sudah', '11:36:37'),
(943, 'DFTR1220150002', 157, 'Sudah', '18:38:05'),
(944, 'DFTR1220150026', 157, 'Sudah', '18:38:21'),
(945, 'DFTR1220150033', 157, 'Sudah', '18:38:26'),
(946, 'DFTR1220150035', 157, 'Sudah', '18:38:29'),
(947, 'DFTR1220150036', 157, 'Sudah', '18:38:32'),
(948, 'DFTR1220150038', 157, 'Sudah', '18:38:46'),
(949, 'DFTR1220150039', 157, 'Sudah', '18:38:50'),
(950, 'DFTR1220150040', 157, 'Sudah', '18:38:53'),
(951, 'DFTR1220150042', 157, 'Sudah', '18:38:55'),
(952, 'DFTR1220150045', 157, 'Sudah', '18:39:06'),
(953, 'DFTR1220150046', 157, 'Sudah', '18:39:09'),
(954, 'DFTR1220150047', 157, 'Sudah', '18:39:11'),
(955, 'DFTR1220150049', 157, 'Sudah', '18:39:14'),
(956, 'DFTR1220150055', 157, 'Sudah', '18:39:16'),
(957, 'DFTR1220150058', 157, 'Sudah', '18:39:26'),
(958, 'DFTR1220150061', 158, 'Sudah', '18:39:43'),
(959, 'DFTR1220150063', 158, 'Sudah', '18:39:53'),
(960, 'DFTR1220150065', 158, 'Sudah', '18:39:58'),
(961, 'DFTR1220150067', 158, 'Sudah', '18:40:00'),
(962, 'DFTR1220150068', 158, 'Sudah', '18:40:05'),
(963, 'DFTR1220150069', 158, 'Sudah', '18:40:07'),
(964, 'DFTR1220150070', 158, 'Sudah', '18:40:09'),
(965, 'DFTR1220150072', 158, 'Sudah', '18:40:12'),
(966, 'DFTR1220150075', 158, 'Sudah', '18:40:14'),
(967, 'DFTR1220150076', 158, 'Sudah', '18:40:16'),
(968, 'DFTR1220150077', 158, 'Sudah', '18:40:18'),
(969, 'DFTR1220150078', 158, 'Sudah', '18:40:20'),
(970, 'DFTR1220150079', 158, 'Sudah', '18:40:22'),
(971, 'DFTR1220150082', 158, 'Sudah', '18:40:25'),
(972, 'DFTR1220150108', 158, 'Sudah', '18:40:29'),
(973, 'DFTR1220150251', 158, 'Sudah', '18:40:31'),
(974, 'DFTR1220150083', 159, 'Sudah', '20:41:07'),
(975, 'DFTR1220150084', 159, 'Sudah', '20:41:09'),
(976, 'DFTR1220150085', 159, 'Sudah', '20:41:10'),
(977, 'DFTR1220150087', 159, 'Sudah', '20:41:15'),
(978, 'DFTR1220150086', 159, 'Sudah', '20:41:21'),
(979, 'DFTR1220150090', 159, 'Sudah', '20:41:24'),
(980, 'DFTR1220150092', 159, 'Sudah', '20:41:26'),
(981, 'DFTR1220150096', 159, 'Sudah', '20:41:27'),
(982, 'DFTR1220150098', 159, 'Sudah', '20:41:29'),
(983, 'DFTR1220150110', 159, 'Sudah', '20:41:32'),
(984, 'DFTR1220150112', 159, 'Sudah', '20:41:34'),
(985, 'DFTR1220150249', 159, 'Sudah', '20:41:44'),
(986, 'DFTR1220150250', 159, 'Sudah', '20:41:48'),
(987, 'DFTR1220150001', 160, 'Sudah', '20:42:21'),
(988, 'DFTR1220150115', 160, 'Sudah', '20:42:29'),
(989, 'DFTR1220150116', 160, 'Sudah', '20:42:32'),
(990, 'DFTR1220150117', 160, 'Sudah', '20:42:35'),
(991, 'DFTR1220150119', 160, 'Sudah', '20:42:37'),
(992, 'DFTR1220150121', 160, 'Sudah', '20:42:39'),
(993, 'DFTR1220150123', 160, 'Sudah', '20:42:42'),
(994, 'DFTR1220150126', 160, 'Sudah', '20:42:45'),
(995, 'DFTR1220150127', 160, 'Sudah', '20:42:48'),
(996, 'DFTR1220150132', 160, 'Sudah', '20:42:50'),
(997, 'DFTR1220150135', 160, 'Sudah', '20:42:56'),
(998, 'DFTR1220150137', 160, 'Sudah', '20:43:00'),
(999, 'DFTR1220150139', 160, 'Sudah', '20:43:04'),
(1000, 'DFTR1220150002', 129, 'Sudah', '18:43:54'),
(1001, 'DFTR1220150002', 136, 'Sudah', '18:44:08'),
(1002, 'DFTR1220150002', 143, 'Sudah', '18:44:13'),
(1003, 'DFTR1220150002', 150, 'Sudah', '18:44:16'),
(1004, 'DFTR1220150001', 139, 'Sudah', '20:44:57'),
(1005, 'DFTR1220150001', 146, 'Sudah', '20:45:01'),
(1006, 'DFTR1220150014', 161, 'Sudah', '09:14:13'),
(1007, 'DFTR1220150016', 161, 'Sudah', '09:14:23'),
(1008, 'DFTR1220150073', 161, 'Sudah', '09:14:33'),
(1009, 'DFTR1220150074', 161, 'Sudah', '09:14:46'),
(1010, 'DFTR1220150081', 162, 'Sudah', '09:26:30'),
(1011, 'DFTR1220150088', 162, 'Sudah', '09:26:38'),
(1013, 'DFTR1220150093', 162, 'Sudah', '09:27:04'),
(1014, 'DFTR1220150100', 162, 'Sudah', '09:27:10'),
(1015, 'DFTR1220150101', 162, 'Sudah', '09:27:15'),
(1016, 'DFTR1220150102', 162, 'Sudah', '09:27:18'),
(1017, 'DFTR1220150103', 162, 'Sudah', '09:27:22'),
(1018, 'DFTR1220150104', 162, 'Sudah', '09:27:26'),
(1019, 'DFTR1220150106', 162, 'Sudah', '09:27:29'),
(1020, 'DFTR1220150109', 162, 'Sudah', '09:27:32'),
(1021, 'DFTR1220150247', 162, 'Sudah', '09:27:37'),
(1022, 'DFTR1220150037', 161, 'Sudah', '09:31:37'),
(1023, 'DFTR1220150051', 161, 'Sudah', '09:31:56'),
(1024, 'DFTR1220150054', 161, 'Sudah', '09:32:04'),
(1025, 'DFTR1220150056', 161, 'Sudah', '09:32:08'),
(1026, 'DFTR1220150064', 161, 'Sudah', '09:32:13'),
(1027, 'DFTR1220150066', 161, 'Sudah', '09:32:17'),
(1028, 'DFTR1220150111', 162, 'Sudah', '09:32:55'),
(1029, 'DFTR1220150114', 163, 'Sudah', '11:33:50'),
(1030, 'DFTR1220150118', 163, 'Sudah', '11:33:54'),
(1031, 'DFTR1220150120', 163, 'Sudah', '11:33:56'),
(1032, 'DFTR1220150124', 163, 'Sudah', '11:34:01'),
(1033, 'DFTR1220150125', 163, 'Sudah', '11:34:04'),
(1034, 'DFTR1220150128', 163, 'Sudah', '11:34:08'),
(1035, 'DFTR1220150129', 163, 'Sudah', '11:34:10'),
(1036, 'DFTR1220150130', 163, 'Sudah', '11:34:14'),
(1037, 'DFTR1220150131', 163, 'Sudah', '11:34:17'),
(1038, 'DFTR1220150134', 163, 'Sudah', '11:34:21'),
(1039, 'DFTR1220150136', 163, 'Sudah', '11:34:23'),
(1040, 'DFTR1220150140', 163, 'Sudah', '11:34:29'),
(1041, 'DFTR1220150002', 164, 'Sudah', '18:39:41'),
(1042, 'DFTR1220150026', 164, 'Sudah', '18:39:46'),
(1043, 'DFTR1220150035', 164, 'Sudah', '18:39:51'),
(1044, 'DFTR1220150042', 164, 'Sudah', '18:40:01'),
(1045, 'DFTR1220150055', 164, 'Sudah', '18:40:08'),
(1046, 'DFTR1220150057', 164, 'Sudah', '18:40:12'),
(1047, 'DFTR1220150063', 164, 'Sudah', '18:40:19'),
(1048, 'DFTR1220150067', 164, 'Sudah', '18:40:27'),
(1049, 'DFTR1220150068', 164, 'Sudah', '18:40:30'),
(1050, 'DFTR1220150069', 164, 'Sudah', '18:40:32'),
(1051, 'DFTR1220150070', 164, 'Sudah', '18:41:09'),
(1052, 'DFTR1220150072', 164, 'Sudah', '18:41:11'),
(1053, 'DFTR1220150013', 164, 'Sudah', '18:41:17'),
(1054, 'DFTR1220150065', 164, 'Sudah', '18:58:21'),
(1055, 'DFTR1220150075', 165, 'Sudah', '18:58:38'),
(1056, 'DFTR1220150076', 165, 'Sudah', '18:58:44'),
(1057, 'DFTR1220150078', 165, 'Sudah', '18:58:52'),
(1058, 'DFTR1220150079', 165, 'Sudah', '18:58:56'),
(1059, 'DFTR1220150082', 165, 'Sudah', '18:59:12'),
(1060, 'DFTR1220150085', 165, 'Sudah', '18:59:17'),
(1061, 'DFTR1220150087', 165, 'Sudah', '18:59:23'),
(1062, 'DFTR1220150089', 165, 'Sudah', '18:59:27'),
(1063, 'DFTR1220150090', 165, 'Sudah', '18:59:30'),
(1064, 'DFTR1220150092', 165, 'Sudah', '18:59:34'),
(1065, 'DFTR1220150098', 165, 'Sudah', '18:59:46'),
(1066, 'DFTR1220150099', 165, 'Sudah', '18:59:52'),
(1068, 'DFTR1220150251', 165, 'Sudah', '18:27:38'),
(1069, 'DFTR1220150001', 166, 'Sudah', '20:28:07');
INSERT INTO `absensi2` (`id_absensi2`, `kode_daftar`, `id_waktu`, `status_absen`, `jam_absen`) VALUES
(1070, 'DFTR1220150061', 166, 'Sudah', '20:28:12'),
(1072, 'DFTR1220150112', 166, 'Sudah', '20:28:19'),
(1075, 'DFTR1220150116', 166, 'Sudah', '20:28:31'),
(1076, 'DFTR1220150119', 166, 'Sudah', '20:28:39'),
(1077, 'DFTR1220150121', 166, 'Sudah', '20:28:42'),
(1078, 'DFTR1220150123', 166, 'Sudah', '20:28:45'),
(1079, 'DFTR1220150126', 166, 'Sudah', '20:28:48'),
(1080, 'DFTR1220150127', 166, 'Sudah', '20:28:53'),
(1081, 'DFTR1220150132', 166, 'Sudah', '20:28:56'),
(1082, 'DFTR1220150133', 166, 'Sudah', '20:29:14'),
(1083, 'DFTR1220150135', 166, 'Sudah', '20:29:18'),
(1084, 'DFTR1220150137', 166, 'Sudah', '20:29:29'),
(1085, 'DFTR1220150139', 166, 'Sudah', '20:29:47'),
(1086, 'DFTR1220150143', 166, 'Sudah', '20:29:50'),
(1087, 'DFTR1220150016', 167, 'Sudah', '09:35:42'),
(1088, 'DFTR1220150014', 167, 'Sudah', '09:36:04'),
(1089, 'DFTR1220150034', 167, 'Sudah', '09:36:08'),
(1090, 'DFTR1220150043', 167, 'Sudah', '09:36:14'),
(1091, 'DFTR1220150062', 167, 'Sudah', '09:36:19'),
(1092, 'DFTR1220150066', 167, 'Sudah', '09:36:23'),
(1093, 'DFTR1220150073', 167, 'Sudah', '09:36:27'),
(1094, 'DFTR1220150074', 167, 'Sudah', '09:36:30'),
(1095, 'DFTR1220150081', 168, 'Sudah', '09:36:54'),
(1096, 'DFTR1220150088', 168, 'Sudah', '09:37:01'),
(1097, 'DFTR1220150094', 168, 'Sudah', '09:37:06'),
(1098, 'DFTR1220150100', 168, 'Sudah', '09:37:11'),
(1099, 'DFTR1220150101', 168, 'Sudah', '09:37:13'),
(1100, 'DFTR1220150102', 168, 'Sudah', '09:37:16'),
(1101, 'DFTR1220150104', 168, 'Sudah', '09:37:20'),
(1102, 'DFTR1220150106', 168, 'Sudah', '09:37:24'),
(1103, 'DFTR1220150109', 168, 'Sudah', '09:37:27'),
(1104, 'DFTR1220150247', 168, 'Sudah', '09:37:32'),
(1105, 'DFTR1220150114', 169, 'Sudah', '11:16:49'),
(1106, 'DFTR1220150118', 169, 'Sudah', '11:17:02'),
(1107, 'DFTR1220150120', 169, 'Sudah', '11:17:06'),
(1108, 'DFTR1220150124', 169, 'Sudah', '11:17:11'),
(1109, 'DFTR1220150125', 169, 'Sudah', '11:17:14'),
(1110, 'DFTR1220150129', 169, 'Sudah', '11:17:18'),
(1111, 'DFTR1220150130', 169, 'Sudah', '11:17:24'),
(1112, 'DFTR1220150131', 169, 'Sudah', '11:17:27'),
(1113, 'DFTR1220150134', 169, 'Sudah', '11:17:30'),
(1114, 'DFTR1220150136', 169, 'Sudah', '11:17:33'),
(1115, 'DFTR1220150128', 169, 'Sudah', '11:20:42'),
(1116, 'DFTR1220150026', 170, 'Sudah', '18:40:21'),
(1117, 'DFTR1220150035', 170, 'Sudah', '18:40:28'),
(1118, 'DFTR1220150042', 170, 'Sudah', '18:40:32'),
(1119, 'DFTR1220150053', 170, 'Sudah', '18:40:36'),
(1120, 'DFTR1220150055', 170, 'Sudah', '18:40:45'),
(1121, 'DFTR1220150057', 170, 'Sudah', '18:40:52'),
(1123, 'DFTR1220150060', 170, 'Sudah', '18:41:10'),
(1124, 'DFTR1220150063', 170, 'Sudah', '18:41:27'),
(1125, 'DFTR1220150065', 170, 'Sudah', '18:41:38'),
(1126, 'DFTR1220150067', 170, 'Sudah', '18:41:42'),
(1127, 'DFTR1220150068', 170, 'Sudah', '18:41:44'),
(1128, 'DFTR1220150069', 170, 'Sudah', '18:41:47'),
(1129, 'DFTR1220150108', 170, 'Sudah', '18:42:10'),
(1130, 'DFTR1220150013', 170, 'Sudah', '18:42:19'),
(1131, 'DFTR1220150002', 170, 'Sudah', '18:42:45'),
(1132, 'DFTR1220150075', 171, 'Sudah', '18:42:59'),
(1134, 'DFTR1220150078', 171, 'Sudah', '18:43:20'),
(1135, 'DFTR1220150079', 171, 'Sudah', '18:43:24'),
(1136, 'DFTR1220150082', 171, 'Sudah', '18:43:28'),
(1137, 'DFTR1220150083', 171, 'Sudah', '18:43:30'),
(1138, 'DFTR1220150084', 171, 'Sudah', '18:43:36'),
(1140, 'DFTR1220150092', 171, 'Sudah', '18:43:52'),
(1141, 'DFTR1220150098', 171, 'Sudah', '18:44:00'),
(1142, 'DFTR1220150251', 171, 'Sudah', '18:44:04'),
(1143, 'DFTR1220150001', 172, 'Sudah', '20:45:06'),
(1144, 'DFTR1220150061', 172, 'Sudah', '20:45:11'),
(1145, 'DFTR1220150112', 172, 'Sudah', '20:45:16'),
(1146, 'DFTR1220150115', 172, 'Sudah', '20:45:23'),
(1147, 'DFTR1220150116', 172, 'Sudah', '20:45:28'),
(1148, 'DFTR1220150117', 172, 'Sudah', '20:45:35'),
(1149, 'DFTR1220150119', 172, 'Sudah', '20:45:40'),
(1150, 'DFTR1220150126', 172, 'Sudah', '20:45:44'),
(1151, 'DFTR1220150127', 172, 'Sudah', '20:45:47'),
(1152, 'DFTR1220150133', 172, 'Sudah', '20:45:55'),
(1153, 'DFTR1220150135', 172, 'Sudah', '20:45:58'),
(1154, 'DFTR1220150139', 172, 'Sudah', '20:46:03'),
(1155, 'DFTR1220150137', 172, 'Sudah', '20:47:03'),
(1156, 'DFTR1220150037', 167, 'Sudah', '09:37:37'),
(1157, 'DFTR1220150051', 167, 'Sudah', '09:37:54'),
(1158, 'DFTR1220150054', 167, 'Sudah', '09:38:03'),
(1159, 'DFTR1220150056', 167, 'Sudah', '09:38:12'),
(1160, 'DFTR1220150011', 173, 'Sudah', '09:39:02'),
(1161, 'DFTR1220150014', 173, 'Sudah', '09:39:09'),
(1162, 'DFTR1220150016', 173, 'Sudah', '09:39:16'),
(1163, 'DFTR1220150037', 173, 'Sudah', '09:39:23'),
(1164, 'DFTR1220150043', 173, 'Sudah', '09:39:48'),
(1165, 'DFTR1220150051', 173, 'Sudah', '09:40:00'),
(1166, 'DFTR1220150054', 173, 'Sudah', '09:40:10'),
(1167, 'DFTR1220150056', 173, 'Sudah', '09:40:14'),
(1168, 'DFTR1220150062', 173, 'Sudah', '09:40:17'),
(1170, 'DFTR1220150066', 173, 'Sudah', '09:40:39'),
(1171, 'DFTR1220150073', 173, 'Sudah', '09:40:44'),
(1172, 'DFTR1220150074', 173, 'Sudah', '09:41:00'),
(1173, 'DFTR1220150080', 173, 'Sudah', '09:41:07'),
(1174, 'DFTR1220150011', 179, 'Sudah', '09:41:33'),
(1175, 'DFTR1220150014', 179, 'Sudah', '09:41:36'),
(1176, 'DFTR1220150016', 179, 'Sudah', '09:41:40'),
(1177, 'DFTR1220150034', 179, 'Sudah', '09:41:47'),
(1178, 'DFTR1220150037', 179, 'Sudah', '09:41:51'),
(1179, 'DFTR1220150043', 179, 'Sudah', '09:41:55'),
(1180, 'DFTR1220150051', 179, 'Sudah', '09:41:59'),
(1181, 'DFTR1220150054', 179, 'Sudah', '09:42:03'),
(1182, 'DFTR1220150056', 179, 'Sudah', '09:42:06'),
(1183, 'DFTR1220150062', 179, 'Sudah', '09:42:15'),
(1184, 'DFTR1220150064', 179, 'Sudah', '09:42:20'),
(1185, 'DFTR1220150066', 179, 'Sudah', '09:42:23'),
(1186, 'DFTR1220150073', 179, 'Sudah', '09:42:25'),
(1187, 'DFTR1220150074', 179, 'Sudah', '09:42:27'),
(1188, 'DFTR1220150080', 179, 'Sudah', '09:42:31'),
(1189, 'DFTR1220150011', 185, 'Sudah', '09:42:49'),
(1190, 'DFTR1220150014', 185, 'Sudah', '09:42:59'),
(1191, 'DFTR1220150016', 185, 'Sudah', '09:43:04'),
(1192, 'DFTR1220150034', 185, 'Sudah', '09:43:08'),
(1193, 'DFTR1220150043', 185, 'Sudah', '09:43:12'),
(1194, 'DFTR1220150051', 185, 'Sudah', '09:43:17'),
(1195, 'DFTR1220150037', 185, 'Sudah', '09:43:39'),
(1196, 'DFTR1220150054', 185, 'Sudah', '09:43:44'),
(1197, 'DFTR1220150056', 185, 'Sudah', '09:43:48'),
(1198, 'DFTR1220150064', 185, 'Sudah', '09:43:56'),
(1199, 'DFTR1220150066', 185, 'Sudah', '09:44:01'),
(1200, 'DFTR1220150073', 185, 'Sudah', '09:44:03'),
(1201, 'DFTR1220150074', 185, 'Sudah', '09:44:05'),
(1202, 'DFTR1220150080', 185, 'Sudah', '09:44:08'),
(1203, 'DFTR1220150081', 174, 'Sudah', '09:44:57'),
(1204, 'DFTR1220150088', 174, 'Sudah', '09:45:10'),
(1205, 'DFTR1220150093', 174, 'Sudah', '09:45:14'),
(1206, 'DFTR1220150094', 174, 'Sudah', '09:45:16'),
(1207, 'DFTR1220150095', 174, 'Sudah', '09:45:19'),
(1208, 'DFTR1220150100', 174, 'Sudah', '09:45:22'),
(1209, 'DFTR1220150101', 174, 'Sudah', '09:45:24'),
(1210, 'DFTR1220150102', 174, 'Sudah', '09:45:27'),
(1211, 'DFTR1220150103', 174, 'Sudah', '09:45:29'),
(1212, 'DFTR1220150104', 174, 'Sudah', '09:45:32'),
(1213, 'DFTR1220150106', 174, 'Sudah', '09:45:35'),
(1214, 'DFTR1220150109', 174, 'Sudah', '09:45:37'),
(1215, 'DFTR1220150247', 174, 'Sudah', '09:45:41'),
(1216, 'DFTR1220150081', 180, 'Sudah', '09:45:58'),
(1217, 'DFTR1220150088', 180, 'Sudah', '09:46:01'),
(1218, 'DFTR1220150093', 180, 'Sudah', '09:46:04'),
(1219, 'DFTR1220150094', 180, 'Sudah', '09:46:06'),
(1220, 'DFTR1220150095', 180, 'Sudah', '09:46:08'),
(1221, 'DFTR1220150100', 180, 'Sudah', '09:46:11'),
(1222, 'DFTR1220150101', 180, 'Sudah', '09:46:13'),
(1223, 'DFTR1220150102', 180, 'Sudah', '09:46:22'),
(1224, 'DFTR1220150103', 180, 'Sudah', '09:46:24'),
(1225, 'DFTR1220150104', 180, 'Sudah', '09:46:26'),
(1226, 'DFTR1220150106', 180, 'Sudah', '09:46:28'),
(1227, 'DFTR1220150109', 180, 'Sudah', '09:46:31'),
(1228, 'DFTR1220150247', 180, 'Sudah', '09:46:36'),
(1229, 'DFTR1220150111', 180, 'Sudah', '09:46:41'),
(1230, 'DFTR1220150081', 186, 'Sudah', '09:46:54'),
(1231, 'DFTR1220150088', 186, 'Sudah', '09:46:56'),
(1232, 'DFTR1220150093', 186, 'Sudah', '09:46:59'),
(1233, 'DFTR1220150094', 186, 'Sudah', '09:47:02'),
(1234, 'DFTR1220150095', 186, 'Sudah', '09:47:08'),
(1235, 'DFTR1220150100', 186, 'Sudah', '09:47:10'),
(1236, 'DFTR1220150101', 186, 'Sudah', '09:47:13'),
(1237, 'DFTR1220150102', 186, 'Sudah', '09:47:15'),
(1238, 'DFTR1220150103', 186, 'Sudah', '09:47:17'),
(1239, 'DFTR1220150104', 186, 'Sudah', '09:47:19'),
(1240, 'DFTR1220150106', 186, 'Sudah', '09:47:21'),
(1241, 'DFTR1220150109', 186, 'Sudah', '09:47:22'),
(1242, 'DFTR1220150247', 186, 'Sudah', '09:47:32'),
(1243, 'DFTR1220150111', 186, 'Sudah', '09:47:38'),
(1244, 'DFTR1220150114', 175, 'Sudah', '10:48:38'),
(1245, 'DFTR1220150118', 175, 'Sudah', '10:48:41'),
(1246, 'DFTR1220150120', 175, 'Sudah', '10:48:43'),
(1247, 'DFTR1220150124', 175, 'Sudah', '10:48:45'),
(1248, 'DFTR1220150125', 175, 'Sudah', '10:48:47'),
(1249, 'DFTR1220150128', 175, 'Sudah', '10:48:49'),
(1250, 'DFTR1220150129', 175, 'Sudah', '10:48:56'),
(1251, 'DFTR1220150130', 175, 'Sudah', '10:48:58'),
(1252, 'DFTR1220150131', 175, 'Sudah', '10:49:00'),
(1253, 'DFTR1220150134', 175, 'Sudah', '10:49:03'),
(1254, 'DFTR1220150136', 175, 'Sudah', '10:49:10'),
(1255, 'DFTR1220150140', 175, 'Sudah', '10:49:17'),
(1256, 'DFTR1220150114', 181, 'Sudah', '10:49:32'),
(1257, 'DFTR1220150118', 181, 'Sudah', '10:49:35'),
(1258, 'DFTR1220150120', 181, 'Sudah', '10:49:37'),
(1259, 'DFTR1220150124', 181, 'Sudah', '10:49:39'),
(1260, 'DFTR1220150125', 181, 'Sudah', '10:49:42'),
(1261, 'DFTR1220150128', 181, 'Sudah', '10:49:44'),
(1262, 'DFTR1220150129', 181, 'Sudah', '10:49:45'),
(1263, 'DFTR1220150130', 181, 'Sudah', '10:49:48'),
(1264, 'DFTR1220150131', 181, 'Sudah', '10:49:50'),
(1265, 'DFTR1220150134', 181, 'Sudah', '10:49:54'),
(1266, 'DFTR1220150136', 181, 'Sudah', '10:49:57'),
(1267, 'DFTR1220150140', 181, 'Sudah', '10:50:01'),
(1268, 'DFTR1220150114', 187, 'Sudah', '10:50:11'),
(1269, 'DFTR1220150118', 187, 'Sudah', '10:50:14'),
(1270, 'DFTR1220150120', 187, 'Sudah', '10:50:21'),
(1271, 'DFTR1220150124', 187, 'Sudah', '10:50:23'),
(1272, 'DFTR1220150125', 187, 'Sudah', '10:50:25'),
(1273, 'DFTR1220150128', 187, 'Sudah', '10:50:27'),
(1274, 'DFTR1220150129', 187, 'Sudah', '10:50:29'),
(1275, 'DFTR1220150130', 187, 'Sudah', '10:50:31'),
(1276, 'DFTR1220150131', 187, 'Sudah', '10:50:33'),
(1277, 'DFTR1220150134', 187, 'Sudah', '10:50:35'),
(1278, 'DFTR1220150136', 187, 'Sudah', '10:50:38'),
(1279, 'DFTR1220150140', 187, 'Sudah', '10:50:41'),
(1280, 'DFTR1220150076', 177, 'Sudah', '18:54:18'),
(1281, 'DFTR1220150078', 177, 'Sudah', '18:54:22'),
(1282, 'DFTR1220150079', 177, 'Sudah', '18:54:24'),
(1283, 'DFTR1220150082', 177, 'Sudah', '18:54:26'),
(1284, 'DFTR1220150083', 177, 'Sudah', '18:54:28'),
(1285, 'DFTR1220150084', 177, 'Sudah', '18:54:30'),
(1286, 'DFTR1220150085', 177, 'Sudah', '18:54:31'),
(1287, 'DFTR1220150086', 177, 'Sudah', '18:54:34'),
(1288, 'DFTR1220150087', 177, 'Sudah', '18:54:36'),
(1289, 'DFTR1220150089', 177, 'Sudah', '18:54:38'),
(1290, 'DFTR1220150090', 177, 'Sudah', '18:54:40'),
(1291, 'DFTR1220150092', 177, 'Sudah', '18:54:42'),
(1292, 'DFTR1220150098', 177, 'Sudah', '18:54:45'),
(1293, 'DFTR1220150251', 177, 'Sudah', '18:54:47'),
(1294, 'DFTR1220150077', 183, 'Sudah', '18:55:04'),
(1295, 'DFTR1220150084', 183, 'Sudah', '18:55:12'),
(1296, 'DFTR1220150089', 183, 'Sudah', '18:55:22'),
(1297, 'DFTR1220150092', 183, 'Sudah', '18:55:26'),
(1298, 'DFTR1220150098', 183, 'Sudah', '18:55:30'),
(1299, 'DFTR1220150075', 189, 'Sudah', '19:21:56'),
(1300, 'DFTR1220150076', 189, 'Sudah', '19:22:01'),
(1301, 'DFTR1220150082', 189, 'Sudah', '19:22:04'),
(1302, 'DFTR1220150083', 189, 'Sudah', '19:22:06'),
(1303, 'DFTR1220150086', 189, 'Sudah', '19:22:08'),
(1304, 'DFTR1220150087', 189, 'Sudah', '19:22:10'),
(1305, 'DFTR1220150089', 189, 'Sudah', '19:22:12'),
(1306, 'DFTR1220150098', 189, 'Sudah', '19:22:16'),
(1307, 'DFTR1220150251', 189, 'Sudah', '19:22:26'),
(1308, 'DFTR1220150077', 189, 'Sudah', '18:59:50'),
(1309, 'DFTR1220150002', 176, 'Sudah', '19:07:55'),
(1310, 'DFTR1220150026', 176, 'Sudah', '19:08:01'),
(1311, 'DFTR1220150035', 176, 'Sudah', '19:08:04'),
(1312, 'DFTR1220150055', 176, 'Sudah', '19:08:10'),
(1313, 'DFTR1220150057', 176, 'Sudah', '19:08:15'),
(1314, 'DFTR1220150060', 176, 'Sudah', '19:08:30'),
(1315, 'DFTR1220150063', 176, 'Sudah', '19:08:39'),
(1316, 'DFTR1220150067', 176, 'Sudah', '19:08:48'),
(1317, 'DFTR1220150068', 176, 'Sudah', '19:08:59'),
(1318, 'DFTR1220150069', 176, 'Sudah', '19:09:03'),
(1319, 'DFTR1220150070', 176, 'Sudah', '19:09:12'),
(1320, 'DFTR1220150072', 176, 'Sudah', '19:09:14'),
(1321, 'DFTR1220150013', 176, 'Sudah', '19:09:23'),
(1322, 'DFTR1220150065', 176, 'Sudah', '19:10:13'),
(1323, 'DFTR1220150002', 182, 'Sudah', '19:10:41'),
(1324, 'DFTR1220150026', 182, 'Sudah', '19:10:49'),
(1325, 'DFTR1220150035', 182, 'Sudah', '19:10:57'),
(1326, 'DFTR1220150042', 182, 'Sudah', '19:11:08'),
(1327, 'DFTR1220150053', 182, 'Sudah', '19:11:12'),
(1328, 'DFTR1220150055', 182, 'Sudah', '19:11:14'),
(1329, 'DFTR1220150057', 182, 'Sudah', '19:11:17'),
(1330, 'DFTR1220150063', 182, 'Sudah', '19:11:34'),
(1331, 'DFTR1220150067', 182, 'Sudah', '19:11:40'),
(1332, 'DFTR1220150069', 182, 'Sudah', '19:11:47'),
(1333, 'DFTR1220150070', 182, 'Sudah', '19:11:54'),
(1334, 'DFTR1220150072', 182, 'Sudah', '19:11:56'),
(1335, 'DFTR1220150108', 182, 'Sudah', '19:11:59'),
(1336, 'DFTR1220150013', 182, 'Sudah', '19:12:11'),
(1337, 'DFTR1220150002', 188, 'Sudah', '19:13:07'),
(1338, 'DFTR1220150026', 188, 'Sudah', '19:13:13'),
(1339, 'DFTR1220150035', 188, 'Sudah', '19:13:16'),
(1340, 'DFTR1220150042', 188, 'Sudah', '19:13:21'),
(1341, 'DFTR1220150053', 188, 'Sudah', '19:13:25'),
(1342, 'DFTR1220150055', 188, 'Sudah', '19:13:27'),
(1343, 'DFTR1220150060', 188, 'Sudah', '19:13:33'),
(1344, 'DFTR1220150063', 188, 'Sudah', '19:13:38'),
(1345, 'DFTR1220150065', 188, 'Sudah', '19:13:44'),
(1346, 'DFTR1220150067', 188, 'Sudah', '19:13:49'),
(1347, 'DFTR1220150068', 188, 'Sudah', '19:13:54'),
(1348, 'DFTR1220150069', 188, 'Sudah', '19:13:57'),
(1349, 'DFTR1220150072', 188, 'Sudah', '19:14:03'),
(1350, 'DFTR1220150013', 188, 'Sudah', '19:14:10'),
(1351, 'DFTR1220150057', 188, 'Sudah', '19:14:51'),
(1352, 'DFTR1220150001', 178, 'Sudah', '20:21:56'),
(1353, 'DFTR1220150061', 178, 'Sudah', '20:22:01'),
(1354, 'DFTR1220150112', 178, 'Sudah', '20:22:09'),
(1356, 'DFTR1220150117', 178, 'Sudah', '20:22:48'),
(1357, 'DFTR1220150119', 178, 'Sudah', '20:22:54'),
(1358, 'DFTR1220150121', 178, 'Sudah', '20:23:04'),
(1359, 'DFTR1220150123', 178, 'Sudah', '20:23:11'),
(1360, 'DFTR1220150126', 178, 'Sudah', '20:23:16'),
(1361, 'DFTR1220150127', 178, 'Sudah', '20:23:23'),
(1362, 'DFTR1220150132', 178, 'Sudah', '20:23:31'),
(1363, 'DFTR1220150135', 178, 'Sudah', '20:23:50'),
(1364, 'DFTR1220150137', 178, 'Sudah', '20:23:54'),
(1365, 'DFTR1220150139', 178, 'Sudah', '20:24:03'),
(1366, 'DFTR1220150143', 178, 'Sudah', '20:24:16'),
(1367, 'DFTR1220150001', 184, 'Sudah', '20:24:49'),
(1368, 'DFTR1220150061', 184, 'Sudah', '20:24:55'),
(1369, 'DFTR1220150112', 184, 'Sudah', '20:25:33'),
(1370, 'DFTR1220150115', 184, 'Sudah', '20:25:39'),
(1371, 'DFTR1220150123', 184, 'Sudah', '20:25:46'),
(1372, 'DFTR1220150127', 184, 'Sudah', '20:25:52'),
(1373, 'DFTR1220150137', 184, 'Sudah', '20:26:00'),
(1375, 'DFTR1220150139', 184, 'Sudah', '20:26:25'),
(1376, 'DFTR1220150001', 190, 'Sudah', '20:27:11'),
(1377, 'DFTR1220150116', 190, 'Sudah', '20:27:19'),
(1378, 'DFTR1220150117', 190, 'Sudah', '20:27:24'),
(1379, 'DFTR1220150121', 190, 'Sudah', '20:27:36'),
(1380, 'DFTR1220150123', 190, 'Sudah', '20:27:39'),
(1381, 'DFTR1220150126', 190, 'Sudah', '20:27:41'),
(1382, 'DFTR1220150127', 190, 'Sudah', '20:27:44'),
(1383, 'DFTR1220150132', 190, 'Sudah', '20:27:47'),
(1384, 'DFTR1220150133', 190, 'Sudah', '20:27:53'),
(1385, 'DFTR1220150137', 190, 'Sudah', '20:27:56'),
(1386, 'DFTR1220150139', 190, 'Sudah', '20:27:59'),
(1387, 'DFTR1220150011', 191, 'Sudah', '09:42:58'),
(1388, 'DFTR1220150014', 191, 'Sudah', '09:43:03'),
(1389, 'DFTR1220150016', 191, 'Sudah', '09:43:08'),
(1390, 'DFTR1220150034', 191, 'Sudah', '09:43:13'),
(1391, 'DFTR1220150037', 191, 'Sudah', '09:43:15'),
(1392, 'DFTR1220150043', 191, 'Sudah', '09:43:25'),
(1393, 'DFTR1220150051', 191, 'Sudah', '09:43:30'),
(1394, 'DFTR1220150054', 191, 'Sudah', '09:43:35'),
(1395, 'DFTR1220150056', 191, 'Sudah', '09:43:42'),
(1396, 'DFTR1220150062', 191, 'Sudah', '09:43:51'),
(1397, 'DFTR1220150064', 191, 'Sudah', '09:44:07'),
(1398, 'DFTR1220150066', 191, 'Sudah', '09:44:09'),
(1399, 'DFTR1220150073', 191, 'Sudah', '09:44:16'),
(1400, 'DFTR1220150074', 191, 'Sudah', '09:44:54'),
(1401, 'DFTR1220150080', 191, 'Sudah', '09:45:03'),
(1402, 'DFTR1220150081', 192, 'Sudah', '09:45:20'),
(1403, 'DFTR1220150088', 192, 'Sudah', '09:45:25'),
(1404, 'DFTR1220150093', 192, 'Sudah', '09:45:31'),
(1405, 'DFTR1220150094', 192, 'Sudah', '09:45:37'),
(1406, 'DFTR1220150095', 192, 'Sudah', '09:45:42'),
(1407, 'DFTR1220150100', 192, 'Sudah', '09:45:48'),
(1408, 'DFTR1220150101', 192, 'Sudah', '09:45:54'),
(1409, 'DFTR1220150102', 192, 'Sudah', '09:45:57'),
(1410, 'DFTR1220150103', 192, 'Sudah', '09:46:00'),
(1411, 'DFTR1220150104', 192, 'Sudah', '09:46:04'),
(1412, 'DFTR1220150106', 192, 'Sudah', '09:46:07'),
(1413, 'DFTR1220150109', 192, 'Sudah', '09:46:10'),
(1414, 'DFTR1220150247', 192, 'Sudah', '09:46:16'),
(1415, 'DFTR1220150111', 192, 'Sudah', '09:46:23'),
(1416, 'DFTR1220150114', 193, 'Sudah', '10:46:55'),
(1417, 'DFTR1220150118', 193, 'Sudah', '10:47:00'),
(1418, 'DFTR1220150120', 193, 'Sudah', '10:47:03'),
(1419, 'DFTR1220150124', 193, 'Sudah', '10:47:08'),
(1420, 'DFTR1220150125', 193, 'Sudah', '10:47:12'),
(1421, 'DFTR1220150128', 193, 'Sudah', '10:47:14'),
(1422, 'DFTR1220150129', 193, 'Sudah', '10:47:18'),
(1423, 'DFTR1220150130', 193, 'Sudah', '10:47:22'),
(1424, 'DFTR1220150131', 193, 'Sudah', '10:47:24'),
(1425, 'DFTR1220150134', 193, 'Sudah', '10:47:27'),
(1426, 'DFTR1220150136', 193, 'Sudah', '10:47:34'),
(1427, 'DFTR1220150140', 193, 'Sudah', '10:47:40'),
(1428, 'DFTR1220150002', 194, 'Sudah', '18:49:59'),
(1429, 'DFTR1220150026', 194, 'Sudah', '18:50:05'),
(1430, 'DFTR1220150035', 194, 'Sudah', '18:50:08'),
(1431, 'DFTR1220150042', 194, 'Sudah', '18:50:15'),
(1432, 'DFTR1220150053', 194, 'Sudah', '18:50:18'),
(1433, 'DFTR1220150055', 194, 'Sudah', '18:50:20'),
(1434, 'DFTR1220150057', 194, 'Sudah', '18:50:26'),
(1436, 'DFTR1220150060', 194, 'Sudah', '18:50:32'),
(1437, 'DFTR1220150063', 194, 'Sudah', '18:50:51'),
(1438, 'DFTR1220150065', 194, 'Sudah', '18:51:07'),
(1439, 'DFTR1220150067', 194, 'Sudah', '18:51:10'),
(1440, 'DFTR1220150068', 194, 'Sudah', '18:51:14'),
(1441, 'DFTR1220150069', 194, 'Sudah', '18:51:16'),
(1442, 'DFTR1220150070', 194, 'Sudah', '18:51:23'),
(1443, 'DFTR1220150072', 194, 'Sudah', '18:51:25'),
(1444, 'DFTR1220150108', 194, 'Sudah', '18:51:29'),
(1445, 'DFTR1220150013', 194, 'Sudah', '18:51:33'),
(1446, 'DFTR1220150075', 195, 'Sudah', '18:52:28'),
(1447, 'DFTR1220150076', 195, 'Sudah', '18:52:30'),
(1448, 'DFTR1220150077', 195, 'Sudah', '18:52:32'),
(1449, 'DFTR1220150078', 195, 'Sudah', '18:52:34'),
(1450, 'DFTR1220150079', 195, 'Sudah', '18:52:36'),
(1451, 'DFTR1220150082', 195, 'Sudah', '18:52:45'),
(1452, 'DFTR1220150083', 195, 'Sudah', '18:52:47'),
(1453, 'DFTR1220150084', 195, 'Sudah', '18:52:50'),
(1454, 'DFTR1220150087', 195, 'Sudah', '18:52:53'),
(1455, 'DFTR1220150089', 195, 'Sudah', '18:52:56'),
(1456, 'DFTR1220150090', 195, 'Sudah', '18:52:58'),
(1457, 'DFTR1220150092', 195, 'Sudah', '18:53:01'),
(1458, 'DFTR1220150098', 195, 'Sudah', '18:53:19'),
(1459, 'DFTR1220150099', 195, 'Sudah', '18:53:23'),
(1460, 'DFTR1220150251', 195, 'Sudah', '18:53:27'),
(1461, 'DFTR1220150085', 195, 'Sudah', '18:53:58'),
(1462, 'DFTR1220150086', 195, 'Sudah', '18:54:16'),
(1463, 'DFTR1220150001', 196, 'Sudah', '19:54:50'),
(1464, 'DFTR1220150061', 196, 'Sudah', '19:54:57'),
(1465, 'DFTR1220150112', 196, 'Sudah', '19:55:02'),
(1466, 'DFTR1220150115', 196, 'Sudah', '19:55:08'),
(1467, 'DFTR1220150116', 196, 'Sudah', '19:55:22'),
(1468, 'DFTR1220150117', 196, 'Sudah', '19:55:42'),
(1469, 'DFTR1220150119', 196, 'Sudah', '19:55:48'),
(1470, 'DFTR1220150121', 196, 'Sudah', '19:55:51'),
(1471, 'DFTR1220150123', 196, 'Sudah', '19:55:53'),
(1472, 'DFTR1220150126', 196, 'Sudah', '19:55:55'),
(1473, 'DFTR1220150127', 196, 'Sudah', '19:55:58'),
(1474, 'DFTR1220150132', 196, 'Sudah', '19:56:00'),
(1475, 'DFTR1220150133', 196, 'Sudah', '19:56:08'),
(1476, 'DFTR1220150135', 196, 'Sudah', '19:56:13'),
(1477, 'DFTR1220150137', 196, 'Sudah', '19:56:18'),
(1478, 'DFTR1220150139', 196, 'Sudah', '19:56:24'),
(1479, 'DFTR1220150023', 228, 'Sudah', '13:53:31'),
(1480, 'DFTR1220150024', 228, 'Sudah', '13:53:41'),
(1481, 'DFTR1220150027', 228, 'Sudah', '13:53:49'),
(1482, 'DFTR1220150028', 228, 'Sudah', '13:54:01'),
(1483, 'DFTR1220150029', 228, 'Sudah', '13:54:06'),
(1486, 'DFTR1220150031', 228, 'Sudah', '13:54:37'),
(1487, 'DFTR1220150037', 228, 'Sudah', '13:54:43'),
(1488, 'DFTR1220150050', 228, 'Sudah', '13:54:55'),
(1489, 'DFTR1220150051', 228, 'Sudah', '13:55:01'),
(1490, 'DFTR1220150056', 229, 'Sudah', '13:55:32'),
(1491, 'DFTR1220150062', 229, 'Sudah', '13:55:36'),
(1493, 'DFTR1220150066', 229, 'Sudah', '13:55:45'),
(1494, 'DFTR1220150071', 229, 'Sudah', '13:55:49'),
(1495, 'DFTR1220150074', 229, 'Sudah', '13:55:52'),
(1496, 'DFTR1220150080', 229, 'Sudah', '13:55:56'),
(1497, 'DFTR1220150081', 229, 'Sudah', '13:55:59'),
(1498, 'DFTR1220150088', 229, 'Sudah', '13:56:05'),
(1499, 'DFTR1220150093', 229, 'Sudah', '13:56:10'),
(1500, 'DFTR1220150104', 229, 'Sudah', '13:56:14'),
(1501, 'DFTR1220150105', 229, 'Sudah', '13:56:19'),
(1502, 'DFTR1220150106', 229, 'Sudah', '13:56:22'),
(1503, 'DFTR1220150109', 230, 'Sudah', '15:57:14'),
(1504, 'DFTR1220150118', 230, 'Sudah', '15:57:21'),
(1505, 'DFTR1220150120', 230, 'Sudah', '15:57:26'),
(1506, 'DFTR1220150124', 230, 'Sudah', '15:57:34'),
(1507, 'DFTR1220150125', 230, 'Sudah', '15:57:37'),
(1508, 'DFTR1220150128', 230, 'Sudah', '15:57:47'),
(1509, 'DFTR1220150131', 230, 'Sudah', '15:58:00'),
(1510, 'DFTR1220150134', 230, 'Sudah', '15:58:04'),
(1511, 'DFTR1220150136', 230, 'Sudah', '15:58:07'),
(1512, 'DFTR1220150138', 230, 'Sudah', '15:58:12'),
(1513, 'DFTR1220150217', 230, 'Sudah', '15:58:27'),
(1514, 'DFTR1220150002', 231, 'Sudah', '10:00:04'),
(1515, 'DFTR1220150035', 231, 'Sudah', '10:00:12'),
(1516, 'DFTR1220150041', 231, 'Sudah', '10:00:17'),
(1517, 'DFTR1220150042', 231, 'Sudah', '10:00:21'),
(1518, 'DFTR1220150045', 231, 'Sudah', '10:00:25'),
(1519, 'DFTR1220150048', 231, 'Sudah', '10:01:10'),
(1520, 'DFTR1220150049', 231, 'Sudah', '10:01:14'),
(1521, 'DFTR1220150007', 232, 'Sudah', '10:02:11'),
(1522, 'DFTR1220150061', 232, 'Sudah', '10:02:16'),
(1523, 'DFTR1220150063', 232, 'Sudah', '10:02:21'),
(1524, 'DFTR1220150085', 232, 'Sudah', '10:02:25'),
(1525, 'DFTR1220150078', 232, 'Sudah', '10:02:44'),
(1526, 'DFTR1220150247', 230, 'Sudah', '15:41:55'),
(1527, 'DFTR1220150008', 231, 'Sudah', '10:00:08'),
(1528, 'DFTR1220150019', 231, 'Sudah', '10:00:19'),
(1529, 'DFTR1220150025', 231, 'Sudah', '10:00:27'),
(1530, 'DFTR1220150032', 231, 'Sudah', '10:00:37'),
(1531, 'DFTR1220150053', 231, 'Sudah', '10:01:41'),
(1532, 'DFTR1220150058', 232, 'Sudah', '10:03:14'),
(1533, 'DFTR1220150060', 232, 'Sudah', '10:03:22'),
(1534, 'DFTR1220150068', 232, 'Sudah', '10:03:43'),
(1535, 'DFTR1220150070', 232, 'Sudah', '10:03:50'),
(1536, 'DFTR1220150075', 232, 'Sudah', '10:03:53'),
(1537, 'DFTR1220150076', 232, 'Sudah', '10:03:56'),
(1538, 'DFTR1220150077', 232, 'Sudah', '10:04:03'),
(1539, 'DFTR1220150121', 232, 'Sudah', '10:04:34'),
(1540, 'DFTR1220150123', 232, 'Sudah', '10:04:38'),
(1541, 'DFTR1220150132', 232, 'Sudah', '10:04:41'),
(1542, 'DFTR1220150143', 232, 'Sudah', '10:04:48'),
(1543, 'DFTR1220150002', 233, 'Sudah', '10:05:42'),
(1544, 'DFTR1220150008', 233, 'Sudah', '10:05:50'),
(1545, 'DFTR1220150019', 233, 'Sudah', '10:05:57'),
(1546, 'DFTR1220150025', 233, 'Sudah', '10:06:02'),
(1547, 'DFTR1220150026', 233, 'Sudah', '10:06:08'),
(1548, 'DFTR1220150035', 233, 'Sudah', '10:06:14'),
(1549, 'DFTR1220150041', 233, 'Sudah', '10:06:22'),
(1550, 'DFTR1220150045', 233, 'Sudah', '10:06:31'),
(1551, 'DFTR1220150048', 233, 'Sudah', '10:06:48'),
(1552, 'DFTR1220150049', 233, 'Sudah', '10:06:51'),
(1553, 'DFTR1220150053', 233, 'Sudah', '10:06:55'),
(1554, 'DFTR1220150007', 234, 'Sudah', '10:07:16'),
(1555, 'DFTR1220150058', 234, 'Sudah', '10:07:25'),
(1556, 'DFTR1220150060', 234, 'Sudah', '10:07:35'),
(1557, 'DFTR1220150061', 234, 'Sudah', '10:07:41'),
(1558, 'DFTR1220150063', 234, 'Sudah', '10:07:46'),
(1559, 'DFTR1220150068', 234, 'Sudah', '10:08:07'),
(1560, 'DFTR1220150070', 234, 'Sudah', '10:08:11'),
(1561, 'DFTR1220150075', 234, 'Sudah', '10:08:16'),
(1562, 'DFTR1220150076', 234, 'Sudah', '10:08:18'),
(1563, 'DFTR1220150077', 234, 'Sudah', '10:08:24'),
(1564, 'DFTR1220150078', 234, 'Sudah', '10:08:29'),
(1565, 'DFTR1220150085', 234, 'Sudah', '10:08:34'),
(1566, 'DFTR1220150121', 234, 'Sudah', '10:08:50'),
(1567, 'DFTR1220150123', 234, 'Sudah', '10:08:54'),
(1568, 'DFTR1220150132', 234, 'Sudah', '10:08:59'),
(1569, 'DFTR1220150143', 234, 'Sudah', '10:09:05'),
(1570, 'DFTR1220150021', 235, 'Sudah', '13:10:51'),
(1571, 'DFTR1220150023', 235, 'Sudah', '13:10:57'),
(1572, 'DFTR1220150024', 235, 'Sudah', '13:11:02'),
(1573, 'DFTR1220150027', 235, 'Sudah', '13:11:06'),
(1574, 'DFTR1220150028', 235, 'Sudah', '13:11:12'),
(1575, 'DFTR1220150029', 235, 'Sudah', '13:11:17'),
(1576, 'DFTR1220150031', 235, 'Sudah', '13:11:25'),
(1577, 'DFTR1220150034', 235, 'Sudah', '13:11:32'),
(1578, 'DFTR1220150043', 235, 'Sudah', '13:11:48'),
(1579, 'DFTR1220150050', 235, 'Sudah', '13:11:54'),
(1580, 'DFTR1220150051', 235, 'Sudah', '13:12:16'),
(1581, 'DFTR1220150056', 236, 'Sudah', '13:12:45'),
(1582, 'DFTR1220150059', 236, 'Sudah', '13:12:51'),
(1583, 'DFTR1220150062', 236, 'Sudah', '13:12:56'),
(1584, 'DFTR1220150064', 236, 'Sudah', '13:13:02'),
(1585, 'DFTR1220150066', 236, 'Sudah', '13:13:12'),
(1586, 'DFTR1220150071', 236, 'Sudah', '13:13:19'),
(1587, 'DFTR1220150074', 236, 'Sudah', '13:13:24'),
(1588, 'DFTR1220150080', 236, 'Sudah', '13:13:36'),
(1589, 'DFTR1220150081', 236, 'Sudah', '13:13:40'),
(1590, 'DFTR1220150088', 236, 'Sudah', '13:13:44'),
(1591, 'DFTR1220150093', 236, 'Sudah', '13:13:48'),
(1592, 'DFTR1220150104', 236, 'Sudah', '13:13:53'),
(1593, 'DFTR1220150105', 236, 'Sudah', '13:13:58'),
(1594, 'DFTR1220150106', 236, 'Sudah', '13:14:02'),
(1595, 'DFTR1220150109', 237, 'Sudah', '15:14:50'),
(1596, 'DFTR1220150114', 237, 'Sudah', '15:14:54'),
(1597, 'DFTR1220150118', 237, 'Sudah', '15:14:58'),
(1598, 'DFTR1220150120', 237, 'Sudah', '15:15:02'),
(1599, 'DFTR1220150124', 237, 'Sudah', '15:15:05'),
(1600, 'DFTR1220150125', 237, 'Sudah', '15:15:10'),
(1601, 'DFTR1220150128', 237, 'Sudah', '15:15:13'),
(1602, 'DFTR1220150130', 237, 'Sudah', '15:15:16'),
(1603, 'DFTR1220150131', 237, 'Sudah', '15:15:21'),
(1604, 'DFTR1220150134', 237, 'Sudah', '15:15:25'),
(1605, 'DFTR1220150136', 237, 'Sudah', '15:15:29'),
(1606, 'DFTR1220150138', 237, 'Sudah', '15:15:35'),
(1607, 'DFTR1220150217', 237, 'Sudah', '15:15:45'),
(1608, 'DFTR1220150247', 237, 'Sudah', '15:15:51'),
(1609, 'DFTR1220150021', 238, 'Sudah', '13:16:38'),
(1610, 'DFTR1220150023', 238, 'Sudah', '13:16:43'),
(1611, 'DFTR1220150024', 238, 'Sudah', '13:16:47'),
(1612, 'DFTR1220150027', 238, 'Sudah', '13:16:51'),
(1613, 'DFTR1220150028', 238, 'Sudah', '13:16:56'),
(1614, 'DFTR1220150029', 238, 'Sudah', '13:16:59'),
(1615, 'DFTR1220150031', 238, 'Sudah', '13:17:10'),
(1616, 'DFTR1220150034', 238, 'Sudah', '13:17:17'),
(1617, 'DFTR1220150050', 238, 'Sudah', '13:17:24'),
(1618, 'DFTR1220150037', 238, 'Sudah', '13:18:08'),
(1619, 'DFTR1220150051', 238, 'Sudah', '13:18:13'),
(1620, 'DFTR1220150043', 238, 'Sudah', '13:18:31'),
(1621, 'DFTR1220150056', 239, 'Sudah', '13:18:49'),
(1622, 'DFTR1220150059', 239, 'Sudah', '13:18:59'),
(1623, 'DFTR1220150062', 239, 'Sudah', '13:19:04'),
(1624, 'DFTR1220150064', 239, 'Sudah', '13:19:09'),
(1625, 'DFTR1220150066', 239, 'Sudah', '13:19:12'),
(1626, 'DFTR1220150071', 239, 'Sudah', '13:19:14'),
(1627, 'DFTR1220150074', 239, 'Sudah', '13:19:17'),
(1628, 'DFTR1220150080', 239, 'Sudah', '13:19:21'),
(1629, 'DFTR1220150081', 239, 'Sudah', '13:19:28'),
(1630, 'DFTR1220150088', 239, 'Sudah', '13:19:32'),
(1631, 'DFTR1220150093', 239, 'Sudah', '13:19:36'),
(1632, 'DFTR1220150104', 239, 'Sudah', '13:19:59'),
(1633, 'DFTR1220150105', 239, 'Sudah', '13:20:09'),
(1634, 'DFTR1220150106', 239, 'Sudah', '13:20:13'),
(1635, 'DFTR1220150109', 240, 'Sudah', '15:20:38'),
(1636, 'DFTR1220150114', 240, 'Sudah', '15:20:41'),
(1637, 'DFTR1220150118', 240, 'Sudah', '15:20:45'),
(1638, 'DFTR1220150120', 240, 'Sudah', '15:20:49'),
(1639, 'DFTR1220150124', 240, 'Sudah', '15:20:52'),
(1640, 'DFTR1220150125', 240, 'Sudah', '15:20:57'),
(1641, 'DFTR1220150128', 240, 'Sudah', '15:21:01'),
(1642, 'DFTR1220150130', 240, 'Sudah', '15:21:04'),
(1643, 'DFTR1220150131', 240, 'Sudah', '15:21:08'),
(1644, 'DFTR1220150134', 240, 'Sudah', '15:21:13'),
(1645, 'DFTR1220150136', 240, 'Sudah', '15:21:17'),
(1646, 'DFTR1220150138', 240, 'Sudah', '15:21:26'),
(1647, 'DFTR1220150217', 240, 'Sudah', '15:21:45'),
(1648, 'DFTR1220150247', 240, 'Sudah', '15:21:51'),
(1649, 'DFTR1220150109', 243, 'Sudah', '16:31:14'),
(1650, 'DFTR1220150118', 243, 'Sudah', '16:31:19'),
(1651, 'DFTR1220150120', 243, 'Sudah', '16:31:23'),
(1652, 'DFTR1220150124', 243, 'Sudah', '16:31:27'),
(1653, 'DFTR1220150125', 243, 'Sudah', '16:31:30'),
(1654, 'DFTR1220150021', 241, 'Sudah', '13:27:06'),
(1655, 'DFTR1220150023', 241, 'Sudah', '13:27:13'),
(1656, 'DFTR1220150024', 241, 'Sudah', '13:27:16'),
(1657, 'DFTR1220150027', 241, 'Sudah', '13:27:19'),
(1658, 'DFTR1220150028', 241, 'Sudah', '13:27:22'),
(1659, 'DFTR1220150029', 241, 'Sudah', '13:27:26'),
(1660, 'DFTR1220150031', 241, 'Sudah', '13:27:30'),
(1661, 'DFTR1220150034', 241, 'Sudah', '13:27:37'),
(1662, 'DFTR1220150037', 241, 'Sudah', '13:27:41'),
(1663, 'DFTR1220150043', 241, 'Sudah', '13:27:46'),
(1664, 'DFTR1220150050', 241, 'Sudah', '13:27:58'),
(1665, 'DFTR1220150051', 241, 'Sudah', '13:28:07'),
(1666, 'DFTR1220150056', 242, 'Sudah', '13:28:32'),
(1667, 'DFTR1220150059', 242, 'Sudah', '13:28:36'),
(1668, 'DFTR1220150062', 242, 'Sudah', '13:28:39'),
(1669, 'DFTR1220150064', 242, 'Sudah', '13:28:44'),
(1670, 'DFTR1220150066', 242, 'Sudah', '13:28:47'),
(1671, 'DFTR1220150071', 242, 'Sudah', '13:28:49'),
(1672, 'DFTR1220150074', 242, 'Sudah', '13:28:51'),
(1673, 'DFTR1220150080', 242, 'Sudah', '13:29:40'),
(1674, 'DFTR1220150081', 242, 'Sudah', '13:29:42'),
(1675, 'DFTR1220150088', 242, 'Sudah', '13:29:44'),
(1676, 'DFTR1220150093', 242, 'Sudah', '13:29:46'),
(1677, 'DFTR1220150104', 242, 'Sudah', '13:29:50'),
(1678, 'DFTR1220150105', 242, 'Sudah', '13:29:52'),
(1679, 'DFTR1220150106', 242, 'Sudah', '13:29:54'),
(1680, 'DFTR1220150128', 243, 'Sudah', '15:30:36'),
(1681, 'DFTR1220150130', 243, 'Sudah', '15:30:38'),
(1682, 'DFTR1220150131', 243, 'Sudah', '15:30:42'),
(1683, 'DFTR1220150134', 243, 'Sudah', '15:30:45'),
(1684, 'DFTR1220150136', 243, 'Sudah', '15:30:50'),
(1685, 'DFTR1220150138', 243, 'Sudah', '15:30:53'),
(1687, 'DFTR1220150217', 243, 'Sudah', '15:31:06'),
(1688, 'DFTR1220150247', 243, 'Sudah', '15:31:12'),
(1689, 'DFTR1220150003', 244, 'Sudah', '09:44:07'),
(1690, 'DFTR1220150002', 244, 'Sudah', '09:44:13'),
(1691, 'DFTR1220150015', 244, 'Sudah', '09:44:19'),
(1692, 'DFTR1220150019', 244, 'Sudah', '09:44:26'),
(1693, 'DFTR1220150025', 244, 'Sudah', '09:44:33'),
(1694, 'DFTR1220150032', 244, 'Sudah', '09:44:40'),
(1695, 'DFTR1220150035', 244, 'Sudah', '09:44:46'),
(1696, 'DFTR1220150041', 244, 'Sudah', '09:44:52'),
(1697, 'DFTR1220150042', 244, 'Sudah', '09:44:57'),
(1698, 'DFTR1220150045', 244, 'Sudah', '09:45:02'),
(1699, 'DFTR1220150048', 244, 'Sudah', '09:45:10'),
(1700, 'DFTR1220150049', 244, 'Sudah', '09:45:16'),
(1701, 'DFTR1220150053', 244, 'Sudah', '09:45:22'),
(1702, 'DFTR1220150002', 246, 'Sudah', '09:45:54'),
(1703, 'DFTR1220150003', 246, 'Sudah', '09:45:59'),
(1704, 'DFTR1220150015', 246, 'Sudah', '09:46:10'),
(1705, 'DFTR1220150019', 246, 'Sudah', '09:46:17'),
(1706, 'DFTR1220150025', 246, 'Sudah', '09:46:21'),
(1707, 'DFTR1220150032', 246, 'Sudah', '09:46:29'),
(1708, 'DFTR1220150035', 246, 'Sudah', '09:46:34'),
(1709, 'DFTR1220150041', 246, 'Sudah', '09:46:40'),
(1710, 'DFTR1220150042', 246, 'Sudah', '09:46:43'),
(1711, 'DFTR1220150045', 246, 'Sudah', '09:46:46'),
(1712, 'DFTR1220150048', 246, 'Sudah', '09:46:51'),
(1713, 'DFTR1220150049', 246, 'Sudah', '09:46:55'),
(1714, 'DFTR1220150053', 246, 'Sudah', '09:47:02'),
(1715, 'DFTR1220150007', 245, 'Sudah', '09:47:59'),
(1716, 'DFTR1220150017', 245, 'Sudah', '09:48:04'),
(1717, 'DFTR1220150058', 245, 'Sudah', '09:48:09'),
(1718, 'DFTR1220150060', 245, 'Sudah', '09:48:14'),
(1719, 'DFTR1220150061', 245, 'Sudah', '09:48:19'),
(1720, 'DFTR1220150063', 245, 'Sudah', '09:48:25'),
(1721, 'DFTR1220150068', 245, 'Sudah', '09:48:30'),
(1722, 'DFTR1220150070', 245, 'Sudah', '09:48:37'),
(1723, 'DFTR1220150077', 245, 'Sudah', '09:48:51'),
(1724, 'DFTR1220150076', 245, 'Sudah', '09:48:55'),
(1725, 'DFTR1220150087', 245, 'Sudah', '09:49:04'),
(1726, 'DFTR1220150121', 245, 'Sudah', '09:49:13'),
(1727, 'DFTR1220150123', 245, 'Sudah', '09:49:18'),
(1728, 'DFTR1220150132', 245, 'Sudah', '09:49:24'),
(1730, 'DFTR1220150143', 245, 'Sudah', '09:49:34'),
(1731, 'DFTR1220150075', 245, 'Sudah', '09:51:38'),
(1732, 'DFTR1220150007', 247, 'Sudah', '09:52:02'),
(1733, 'DFTR1220150017', 247, 'Sudah', '09:52:07'),
(1734, 'DFTR1220150058', 247, 'Sudah', '09:52:15'),
(1735, 'DFTR1220150060', 247, 'Sudah', '09:52:20'),
(1736, 'DFTR1220150063', 247, 'Sudah', '09:52:27'),
(1737, 'DFTR1220150068', 247, 'Sudah', '09:52:36'),
(1738, 'DFTR1220150070', 247, 'Sudah', '09:52:38'),
(1739, 'DFTR1220150075', 247, 'Sudah', '09:52:41'),
(1740, 'DFTR1220150076', 247, 'Sudah', '09:52:45'),
(1741, 'DFTR1220150077', 247, 'Sudah', '09:52:47'),
(1742, 'DFTR1220150087', 247, 'Sudah', '09:52:54'),
(1743, 'DFTR1220150121', 247, 'Sudah', '09:53:01'),
(1744, 'DFTR1220150123', 247, 'Sudah', '09:53:06'),
(1745, 'DFTR1220150132', 247, 'Sudah', '09:53:12'),
(1746, 'DFTR1220150143', 247, 'Sudah', '09:53:17'),
(1747, 'DFTR1220150051', 269, 'Sudah', '14:18:51'),
(1748, 'DFTR1220150056', 269, 'Sudah', '14:18:58'),
(1749, 'DFTR1220150059', 269, 'Sudah', '14:19:02'),
(1750, 'DFTR1220150062', 269, 'Sudah', '14:19:06'),
(1751, 'DFTR1220150111', 269, 'Sudah', '14:19:11'),
(1752, 'DFTR1220150114', 269, 'Sudah', '14:19:16'),
(1753, 'DFTR1220150118', 269, 'Sudah', '14:19:21'),
(1754, 'DFTR1220150120', 269, 'Sudah', '14:19:27'),
(1755, 'DFTR1220150125', 269, 'Sudah', '14:19:29'),
(1756, 'DFTR1220150129', 269, 'Sudah', '14:19:32'),
(1758, 'DFTR1220150202', 269, 'Sudah', '14:19:44'),
(1759, 'DFTR1220150217', 269, 'Sudah', '14:19:59'),
(1760, 'DFTR1220150255', 269, 'Sudah', '14:28:35'),
(1761, 'DFTR1220150011', 268, 'Sudah', '13:01:47'),
(1762, 'DFTR1220150018', 268, 'Sudah', '13:01:53'),
(1763, 'DFTR1220150021', 268, 'Sudah', '13:01:59'),
(1764, 'DFTR1220150023', 268, 'Sudah', '13:02:11'),
(1765, 'DFTR1220150024', 268, 'Sudah', '13:02:14'),
(1766, 'DFTR1220150027', 268, 'Sudah', '13:02:21'),
(1767, 'DFTR1220150029', 268, 'Sudah', '13:02:28'),
(1768, 'DFTR1220150030', 268, 'Sudah', '13:02:35'),
(1769, 'DFTR1220150031', 268, 'Sudah', '13:02:41'),
(1770, 'DFTR1220150037', 268, 'Sudah', '13:02:47'),
(1771, 'DFTR1220150043', 268, 'Sudah', '13:02:52'),
(1772, 'DFTR1220150044', 268, 'Sudah', '13:03:11'),
(1773, 'DFTR1220150050', 268, 'Sudah', '13:03:14'),
(1774, 'DFTR1220150256', 268, 'Sudah', '13:06:56'),
(1775, 'DFTR1220150250', 268, 'Sudah', '13:07:37'),
(1776, 'DFTR1220150028', 268, 'Sudah', '13:08:08'),
(1777, 'DFTR1220150011', 270, 'Sudah', '13:13:33'),
(1778, 'DFTR1220150018', 270, 'Sudah', '13:13:42'),
(1779, 'DFTR1220150021', 270, 'Sudah', '13:13:49'),
(1780, 'DFTR1220150022', 270, 'Sudah', '13:13:54'),
(1781, 'DFTR1220150023', 270, 'Sudah', '13:13:59'),
(1782, 'DFTR1220150024', 270, 'Sudah', '13:14:09'),
(1783, 'DFTR1220150027', 270, 'Sudah', '13:14:15'),
(1784, 'DFTR1220150028', 270, 'Sudah', '13:14:21'),
(1785, 'DFTR1220150029', 270, 'Sudah', '13:14:25'),
(1786, 'DFTR1220150030', 270, 'Sudah', '13:14:28'),
(1787, 'DFTR1220150031', 270, 'Sudah', '13:14:42'),
(1788, 'DFTR1220150034', 270, 'Sudah', '13:14:48'),
(1789, 'DFTR1220150037', 270, 'Sudah', '13:14:51'),
(1790, 'DFTR1220150043', 270, 'Sudah', '13:14:54'),
(1791, 'DFTR1220150044', 270, 'Sudah', '13:15:01'),
(1792, 'DFTR1220150050', 270, 'Sudah', '13:15:05'),
(1793, 'DFTR1220150256', 270, 'Sudah', '13:15:10'),
(1794, 'DFTR1220150250', 270, 'Sudah', '13:15:13'),
(1795, 'DFTR1220150027', 276, 'Sudah', '13:17:27'),
(1796, 'DFTR1220150018', 276, 'Sudah', '13:17:33'),
(1797, 'DFTR1220150021', 276, 'Sudah', '13:17:40'),
(1798, 'DFTR1220150023', 276, 'Sudah', '13:17:50'),
(1799, 'DFTR1220150024', 276, 'Sudah', '13:17:53'),
(1800, 'DFTR1220150029', 276, 'Sudah', '13:18:07'),
(1801, 'DFTR1220150030', 276, 'Sudah', '13:18:11'),
(1802, 'DFTR1220150031', 276, 'Sudah', '13:18:14'),
(1803, 'DFTR1220150034', 276, 'Sudah', '13:18:21'),
(1804, 'DFTR1220150037', 276, 'Sudah', '13:18:23'),
(1805, 'DFTR1220150043', 276, 'Sudah', '13:18:26'),
(1806, 'DFTR1220150044', 276, 'Sudah', '13:18:33'),
(1807, 'DFTR1220150050', 276, 'Sudah', '13:18:36'),
(1808, 'DFTR1220150256', 276, 'Sudah', '13:18:41'),
(1809, 'DFTR1220150250', 276, 'Sudah', '13:18:44'),
(1810, 'DFTR1220150011', 276, 'Sudah', '13:19:39'),
(1811, 'DFTR1220150028', 276, 'Sudah', '13:20:34'),
(1812, 'DFTR1220150011', 281, 'Sudah', '13:20:53'),
(1813, 'DFTR1220150018', 281, 'Sudah', '13:20:59'),
(1814, 'DFTR1220150021', 281, 'Sudah', '13:21:05'),
(1815, 'DFTR1220150023', 281, 'Sudah', '13:21:26'),
(1816, 'DFTR1220150024', 281, 'Sudah', '13:21:28'),
(1817, 'DFTR1220150027', 281, 'Sudah', '13:21:31'),
(1818, 'DFTR1220150028', 281, 'Sudah', '13:21:33'),
(1819, 'DFTR1220150029', 281, 'Sudah', '13:21:37'),
(1820, 'DFTR1220150030', 281, 'Sudah', '13:21:40'),
(1821, 'DFTR1220150031', 281, 'Sudah', '13:21:43'),
(1822, 'DFTR1220150034', 281, 'Sudah', '13:21:48'),
(1823, 'DFTR1220150037', 281, 'Sudah', '13:21:50'),
(1824, 'DFTR1220150043', 281, 'Sudah', '13:21:55'),
(1825, 'DFTR1220150044', 281, 'Sudah', '13:22:02'),
(1826, 'DFTR1220150050', 281, 'Sudah', '13:22:05'),
(1827, 'DFTR1220150256', 281, 'Sudah', '13:22:08'),
(1828, 'DFTR1220150250', 281, 'Sudah', '13:22:10'),
(1829, 'DFTR1220150071', 269, 'Sudah', '13:34:15'),
(1830, 'DFTR1220150051', 271, 'Sudah', '13:34:26'),
(1831, 'DFTR1220150056', 271, 'Sudah', '13:34:30'),
(1832, 'DFTR1220150059', 271, 'Sudah', '13:34:35'),
(1833, 'DFTR1220150062', 271, 'Sudah', '13:34:38'),
(1834, 'DFTR1220150071', 271, 'Sudah', '13:34:56'),
(1835, 'DFTR1220150114', 271, 'Sudah', '13:35:04'),
(1836, 'DFTR1220150118', 271, 'Sudah', '13:35:09'),
(1837, 'DFTR1220150120', 271, 'Sudah', '13:35:14'),
(1838, 'DFTR1220150125', 271, 'Sudah', '13:35:17'),
(1839, 'DFTR1220150129', 271, 'Sudah', '13:35:21'),
(1840, 'DFTR1220150138', 271, 'Sudah', '13:35:25'),
(1841, 'DFTR1220150202', 271, 'Sudah', '13:35:39'),
(1842, 'DFTR1220150217', 271, 'Sudah', '13:35:47'),
(1843, 'DFTR1220150255', 271, 'Sudah', '13:35:51'),
(1844, 'DFTR1220150051', 277, 'Sudah', '13:36:08'),
(1845, 'DFTR1220150056', 277, 'Sudah', '13:36:14'),
(1846, 'DFTR1220150059', 277, 'Sudah', '13:36:21'),
(1847, 'DFTR1220150062', 277, 'Sudah', '13:36:25'),
(1848, 'DFTR1220150071', 277, 'Sudah', '13:36:32'),
(1849, 'DFTR1220150111', 277, 'Sudah', '13:36:36'),
(1850, 'DFTR1220150114', 277, 'Sudah', '13:36:41'),
(1851, 'DFTR1220150118', 277, 'Sudah', '13:36:44'),
(1852, 'DFTR1220150120', 277, 'Sudah', '13:36:46'),
(1853, 'DFTR1220150125', 277, 'Sudah', '13:36:49'),
(1854, 'DFTR1220150129', 277, 'Sudah', '13:36:53'),
(1856, 'DFTR1220150202', 277, 'Sudah', '13:37:02'),
(1857, 'DFTR1220150217', 277, 'Sudah', '13:37:10'),
(1859, 'DFTR1220150051', 282, 'Sudah', '13:37:53'),
(1860, 'DFTR1220150056', 282, 'Sudah', '13:37:59'),
(1861, 'DFTR1220150059', 282, 'Sudah', '13:38:11'),
(1862, 'DFTR1220150062', 282, 'Sudah', '13:38:15'),
(1863, 'DFTR1220150111', 282, 'Sudah', '13:38:23'),
(1864, 'DFTR1220150114', 282, 'Sudah', '13:38:31'),
(1865, 'DFTR1220150118', 282, 'Sudah', '13:38:35'),
(1866, 'DFTR1220150120', 282, 'Sudah', '13:38:39'),
(1867, 'DFTR1220150125', 282, 'Sudah', '13:38:45'),
(1868, 'DFTR1220150129', 282, 'Sudah', '13:38:50'),
(1870, 'DFTR1220150202', 282, 'Sudah', '13:38:59'),
(1871, 'DFTR1220150217', 282, 'Sudah', '13:39:10'),
(1872, 'DFTR1220150255', 282, 'Sudah', '13:39:16'),
(1873, 'DFTR1220150002', 278, 'Sudah', '18:40:52'),
(1874, 'DFTR1220150009', 278, 'Sudah', '18:41:01'),
(1875, 'DFTR1220150010', 278, 'Sudah', '18:41:07'),
(1876, 'DFTR1220150013', 278, 'Sudah', '18:41:20'),
(1877, 'DFTR1220150017', 278, 'Sudah', '18:41:28'),
(1878, 'DFTR1220150019', 278, 'Sudah', '18:41:31'),
(1879, 'DFTR1220150020', 278, 'Sudah', '18:41:39'),
(1880, 'DFTR1220150032', 278, 'Sudah', '18:41:48'),
(1881, 'DFTR1220150033', 279, 'Sudah', '18:42:24'),
(1882, 'DFTR1220150035', 279, 'Sudah', '18:42:29'),
(1883, 'DFTR1220150038', 279, 'Sudah', '18:42:33'),
(1884, 'DFTR1220150039', 279, 'Sudah', '18:42:36'),
(1885, 'DFTR1220150041', 279, 'Sudah', '18:42:41'),
(1886, 'DFTR1220150042', 279, 'Sudah', '18:42:46'),
(1887, 'DFTR1220150046', 279, 'Sudah', '18:42:51'),
(1888, 'DFTR1220150047', 279, 'Sudah', '18:42:55'),
(1889, 'DFTR1220150048', 279, 'Sudah', '18:42:59'),
(1890, 'DFTR1220150049', 279, 'Sudah', '18:43:03'),
(1891, 'DFTR1220150053', 279, 'Sudah', '18:43:07'),
(1892, 'DFTR1220150058', 279, 'Sudah', '18:43:13'),
(1893, 'DFTR1220150045', 279, 'Sudah', '18:43:42'),
(1894, 'DFTR1220150060', 280, 'Sudah', '19:44:21'),
(1895, 'DFTR1220150068', 280, 'Sudah', '19:44:27'),
(1896, 'DFTR1220150070', 280, 'Sudah', '19:44:29'),
(1897, 'DFTR1220150075', 280, 'Sudah', '19:44:33'),
(1898, 'DFTR1220150076', 280, 'Sudah', '19:44:35'),
(1899, 'DFTR1220150083', 280, 'Sudah', '19:44:39'),
(1900, 'DFTR1220150085', 280, 'Sudah', '19:44:50'),
(1901, 'DFTR1220150112', 280, 'Sudah', '19:44:58'),
(1902, 'DFTR1220150121', 280, 'Sudah', '19:45:10'),
(1903, 'DFTR1220150123', 280, 'Sudah', '19:45:14'),
(1904, 'DFTR1220150132', 280, 'Sudah', '19:45:17'),
(1905, 'DFTR1220150133', 280, 'Sudah', '19:45:24'),
(1906, 'DFTR1220150004', 283, 'Sudah', '19:29:37'),
(1907, 'DFTR1220150005', 283, 'Sudah', '19:29:44'),
(1908, 'DFTR1220150002', 283, 'Sudah', '19:29:48'),
(1909, 'DFTR1220150006', 283, 'Sudah', '19:29:54'),
(1910, 'DFTR1220150008', 283, 'Sudah', '19:29:59'),
(1911, 'DFTR1220150009', 283, 'Sudah', '18:31:10'),
(1912, 'DFTR1220150010', 283, 'Sudah', '18:31:14'),
(1913, 'DFTR1220150013', 283, 'Sudah', '18:31:22'),
(1914, 'DFTR1220150015', 283, 'Sudah', '18:31:28'),
(1915, 'DFTR1220150017', 283, 'Sudah', '18:31:33'),
(1916, 'DFTR1220150019', 283, 'Sudah', '18:31:39'),
(1917, 'DFTR1220150020', 283, 'Sudah', '18:31:44'),
(1918, 'DFTR1220150032', 283, 'Sudah', '18:32:04'),
(1919, 'DFTR1220150004', 278, 'Sudah', '18:32:35'),
(1920, 'DFTR1220150025', 283, 'Sudah', '19:12:48'),
(1921, 'DFTR1220150001', 280, 'Sudah', '20:13:53'),
(1922, 'DFTR1220150001', 285, 'Sudah', '20:14:02'),
(1923, 'DFTR1220150060', 285, 'Sudah', '20:14:08'),
(1924, 'DFTR1220150061', 285, 'Sudah', '20:14:13'),
(1925, 'DFTR1220150063', 285, 'Sudah', '20:14:18'),
(1926, 'DFTR1220150068', 285, 'Sudah', '20:14:28'),
(1927, 'DFTR1220150070', 285, 'Sudah', '20:14:33'),
(1928, 'DFTR1220150075', 285, 'Sudah', '20:14:36'),
(1929, 'DFTR1220150076', 285, 'Sudah', '20:14:40'),
(1930, 'DFTR1220150083', 285, 'Sudah', '20:14:49'),
(1931, 'DFTR1220150085', 285, 'Sudah', '20:14:52'),
(1932, 'DFTR1220150112', 285, 'Sudah', '20:14:57'),
(1933, 'DFTR1220150121', 285, 'Sudah', '20:15:05'),
(1934, 'DFTR1220150123', 285, 'Sudah', '20:15:10'),
(1935, 'DFTR1220150132', 285, 'Sudah', '20:15:14'),
(1936, 'DFTR1220150133', 285, 'Sudah', '20:15:20'),
(1937, 'DFTR1220150033', 284, 'Sudah', '18:52:06'),
(1938, 'DFTR1220150035', 284, 'Sudah', '18:52:11'),
(1939, 'DFTR1220150036', 284, 'Sudah', '18:52:19'),
(1940, 'DFTR1220150038', 284, 'Sudah', '18:52:24'),
(1941, 'DFTR1220150039', 284, 'Sudah', '18:52:34'),
(1942, 'DFTR1220150040', 284, 'Sudah', '18:52:39'),
(1943, 'DFTR1220150041', 284, 'Sudah', '18:52:42'),
(1944, 'DFTR1220150042', 284, 'Sudah', '18:52:46'),
(1945, 'DFTR1220150045', 284, 'Sudah', '18:52:50'),
(1946, 'DFTR1220150047', 284, 'Sudah', '18:52:56'),
(1947, 'DFTR1220150048', 284, 'Sudah', '18:53:02'),
(1948, 'DFTR1220150049', 284, 'Sudah', '18:53:06'),
(1949, 'DFTR1220150053', 284, 'Sudah', '18:53:10'),
(1950, 'DFTR1220150058', 284, 'Sudah', '18:53:17'),
(1951, 'DFTR1220150046', 284, 'Sudah', '18:53:54'),
(1952, 'DFTR1220150002', 286, 'Sudah', '18:01:15'),
(1953, 'DFTR1220150004', 286, 'Sudah', '18:01:41'),
(1954, 'DFTR1220150005', 286, 'Sudah', '18:01:51'),
(1955, 'DFTR1220150006', 286, 'Sudah', '18:01:58'),
(1956, 'DFTR1220150008', 286, 'Sudah', '18:02:01'),
(1957, 'DFTR1220150009', 286, 'Sudah', '18:02:04'),
(1958, 'DFTR1220150010', 286, 'Sudah', '18:02:08'),
(1959, 'DFTR1220150013', 286, 'Sudah', '18:02:13'),
(1960, 'DFTR1220150015', 286, 'Sudah', '18:02:18'),
(1962, 'DFTR1220150019', 286, 'Sudah', '18:02:25'),
(1963, 'DFTR1220150020', 286, 'Sudah', '18:02:28'),
(1964, 'DFTR1220150025', 286, 'Sudah', '18:02:31'),
(1965, 'DFTR1220150032', 286, 'Sudah', '18:02:38'),
(1966, 'DFTR1220150002', 289, 'Sudah', '18:03:28'),
(1967, 'DFTR1220150004', 289, 'Sudah', '18:03:36'),
(1968, 'DFTR1220150005', 289, 'Sudah', '18:03:40'),
(1969, 'DFTR1220150006', 289, 'Sudah', '18:03:43'),
(1970, 'DFTR1220150008', 289, 'Sudah', '18:03:47'),
(1971, 'DFTR1220150009', 289, 'Sudah', '18:03:50'),
(1972, 'DFTR1220150010', 289, 'Sudah', '18:03:54'),
(1973, 'DFTR1220150013', 289, 'Sudah', '18:04:00'),
(1974, 'DFTR1220150015', 289, 'Sudah', '18:04:05'),
(1976, 'DFTR1220150019', 289, 'Sudah', '18:04:11'),
(1977, 'DFTR1220150020', 289, 'Sudah', '18:04:13'),
(1978, 'DFTR1220150025', 289, 'Sudah', '18:04:24'),
(1979, 'DFTR1220150032', 289, 'Sudah', '18:04:28'),
(1980, 'DFTR1220150035', 287, 'Sudah', '18:08:23'),
(1981, 'DFTR1220150036', 287, 'Sudah', '18:18:33'),
(1983, 'DFTR1220150033', 287, 'Sudah', '18:23:52'),
(1984, 'DFTR1220150017', 289, 'Sudah', '18:27:46'),
(1985, 'DFTR1220150001', 288, 'Sudah', '19:30:28'),
(1986, 'DFTR1220150060', 288, 'Sudah', '19:30:36'),
(1987, 'DFTR1220150061', 288, 'Sudah', '19:30:42'),
(1988, 'DFTR1220150001', 291, 'Sudah', '19:31:00'),
(1989, 'DFTR1220150060', 291, 'Sudah', '19:31:04'),
(1990, 'DFTR1220150061', 291, 'Sudah', '19:31:06'),
(1991, 'DFTR1220150063', 291, 'Sudah', '19:31:09'),
(1992, 'DFTR1220150068', 291, 'Sudah', '19:31:16'),
(1993, 'DFTR1220150070', 291, 'Sudah', '19:31:19'),
(1994, 'DFTR1220150075', 291, 'Sudah', '19:31:22'),
(1995, 'DFTR1220150076', 291, 'Sudah', '19:31:25'),
(1996, 'DFTR1220150083', 291, 'Sudah', '19:31:28'),
(1997, 'DFTR1220150085', 291, 'Sudah', '19:31:30'),
(1998, 'DFTR1220150112', 291, 'Sudah', '19:31:33'),
(1999, 'DFTR1220150121', 291, 'Sudah', '19:31:48'),
(2000, 'DFTR1220150123', 291, 'Sudah', '19:31:56'),
(2001, 'DFTR1220150132', 291, 'Sudah', '19:31:59'),
(2002, 'DFTR1220150133', 291, 'Sudah', '19:32:10'),
(2003, 'DFTR1220150038', 287, 'Sudah', '18:33:09'),
(2004, 'DFTR1220150039', 287, 'Sudah', '18:33:19'),
(2005, 'DFTR1220150040', 287, 'Sudah', '18:33:22'),
(2006, 'DFTR1220150041', 287, 'Sudah', '18:33:25'),
(2007, 'DFTR1220150042', 287, 'Sudah', '18:33:28'),
(2008, 'DFTR1220150045', 287, 'Sudah', '18:33:30'),
(2009, 'DFTR1220150046', 287, 'Sudah', '18:33:32'),
(2010, 'DFTR1220150047', 287, 'Sudah', '18:33:35'),
(2011, 'DFTR1220150048', 287, 'Sudah', '18:33:38'),
(2012, 'DFTR1220150049', 287, 'Sudah', '18:33:40'),
(2014, 'DFTR1220150058', 287, 'Sudah', '18:33:51'),
(2015, 'DFTR1220150053', 290, 'Sudah', '18:34:31'),
(2016, 'DFTR1220150035', 290, 'Sudah', '18:48:49'),
(2017, 'DFTR1220150036', 290, 'Sudah', '18:48:57'),
(2018, 'DFTR1220150038', 290, 'Sudah', '18:49:01'),
(2019, 'DFTR1220150039', 290, 'Sudah', '18:49:05'),
(2020, 'DFTR1220150040', 290, 'Sudah', '18:49:08'),
(2021, 'DFTR1220150041', 290, 'Sudah', '18:49:11'),
(2022, 'DFTR1220150042', 290, 'Sudah', '18:49:14'),
(2023, 'DFTR1220150045', 290, 'Sudah', '18:49:18'),
(2024, 'DFTR1220150046', 290, 'Sudah', '18:49:21'),
(2025, 'DFTR1220150047', 290, 'Sudah', '18:49:25'),
(2026, 'DFTR1220150048', 290, 'Sudah', '18:49:30'),
(2027, 'DFTR1220150049', 290, 'Sudah', '18:49:33'),
(2028, 'DFTR1220150058', 290, 'Sudah', '18:49:44'),
(2029, 'DFTR1220150033', 290, 'Sudah', '18:50:15'),
(2030, 'DFTR1220150022', 268, 'Sudah', '13:49:01'),
(2031, 'DFTR1220150034', 268, 'Sudah', '13:51:15'),
(2032, 'DFTR1220150022', 276, 'Sudah', '13:51:47'),
(2033, 'DFTR1220150022', 281, 'Sudah', '13:52:09'),
(2034, 'DFTR1220150138', 277, 'Sudah', '13:52:22'),
(2036, 'DFTR1220150138', 282, 'Sudah', '13:55:44'),
(2038, 'DFTR1220150138', 269, 'Sudah', '13:53:02');

-- --------------------------------------------------------

--
-- Table structure for table `accounting_debit_kredit`
--

CREATE TABLE IF NOT EXISTS `accounting_debit_kredit` (
  `kode_accounting` varchar(255) NOT NULL,
  `no_account` varchar(255) DEFAULT NULL,
  `no_kwitansi` varchar(255) DEFAULT NULL,
  `tanggal` date DEFAULT NULL,
  `keterangan` varchar(255) DEFAULT NULL,
  `jumlah_debit` double DEFAULT NULL,
  `jumlah_kredit` double DEFAULT NULL,
  `saldo` double DEFAULT NULL,
  PRIMARY KEY (`kode_accounting`)
) ENGINE=InnoDB DEFAULT CHARSET=latin1;

--
-- Dumping data for table `accounting_debit_kredit`
--

INSERT INTO `accounting_debit_kredit` (`kode_accounting`, `no_account`, `no_kwitansi`, `tanggal`, `keterangan`, `jumlah_debit`, `jumlah_kredit`, `saldo`) VALUES
('AKUN0520170001', '1', '1', '2017-04-20', 'DANA PROJA', 27000000, 0, 27000000);

-- --------------------------------------------------------

--
-- Table structure for table `detail_pendaftaran`
--

CREATE TABLE IF NOT EXISTS `detail_pendaftaran` (
  `id_detailpendaftaran` int(11) NOT NULL AUTO_INCREMENT,
  `fk_kodedaftar` varchar(30) DEFAULT NULL,
  `fk_jenis_praktikum` varchar(30) DEFAULT NULL,
  `biaya_bayar` double DEFAULT NULL,
  `tgl_daftar_detail` date DEFAULT NULL,
  `jam_daftar_detail` time DEFAULT NULL,
  `status_praktikum` enum('Sudah','Belum') DEFAULT NULL,
  `id_kelompok` int(11) DEFAULT NULL,
  `id_jam_prak` int(11) DEFAULT NULL,
  `id_lab` int(11) DEFAULT NULL,
  `id_pngjar` varchar(30) DEFAULT NULL,
  `id_asisten` varchar(30) DEFAULT NULL,
  `status_kelompok` enum('0','1') DEFAULT NULL,
  `nilai_akhir` enum('A','B','C','D','E') DEFAULT NULL,
  `persetujuan` enum('Disetujui','Menunggu') DEFAULT NULL,
  PRIMARY KEY (`id_detailpendaftaran`),
  KEY `fk_jenispraktikum` (`fk_jenis_praktikum`),
  KEY `fk_kodedaftar` (`fk_kodedaftar`),
  KEY `fk_idklompok` (`id_kelompok`),
  KEY `fk_jamprak` (`id_jam_prak`),
  KEY `fk_idlab` (`id_lab`),
  KEY `fk_kodepengjr` (`id_pngjar`),
  KEY `id_asisten` (`id_asisten`)
) ENGINE=InnoDB  DEFAULT CHARSET=latin1 AUTO_INCREMENT=835 ;

--
-- Dumping data for table `detail_pendaftaran`
--

INSERT INTO `detail_pendaftaran` (`id_detailpendaftaran`, `fk_kodedaftar`, `fk_jenis_praktikum`, `biaya_bayar`, `tgl_daftar_detail`, `jam_daftar_detail`, `status_praktikum`, `id_kelompok`, `id_jam_prak`, `id_lab`, `id_pngjar`, `id_asisten`, `status_kelompok`, `nilai_akhir`, `persetujuan`) VALUES
(1, 'DFTR1220150001', 'TI1340', 70000, '2015-12-08', '13:00:00', 'Belum', 17, 4, 1, 'PRJ0002', 'AST0001', '1', 'B', 'Disetujui'),
(2, 'DFTR1220150001', 'TI2341', 70000, '2015-12-08', '13:00:00', 'Sudah', 19, 4, 2, 'PRJ0005', 'AST0002', '1', 'B', 'Disetujui'),
(3, 'DFTR1220150001', 'TI2342', 70000, '2015-12-08', '13:00:00', 'Sudah', 18, 4, 1, 'PRJ0003', 'AST0003', '1', 'B', 'Disetujui'),
(4, 'DFTR1220150001', 'TI3343', 70000, '2015-12-08', '13:00:00', 'Sudah', 17, 4, 1, 'PRJ0003', 'AST0005', '1', 'B', 'Disetujui'),
(5, 'DFTR1220150002', 'TI2341', 70000, '2015-12-08', '13:00:00', 'Sudah', 16, 3, 1, 'PRJ0005', 'AST0002', '1', 'B', 'Disetujui'),
(6, 'DFTR1220150002', 'TI2342', 70000, '2015-12-08', '13:00:00', 'Sudah', 16, 3, 1, 'PRJ0003', 'AST0003', '1', 'B', 'Disetujui'),
(7, 'DFTR1220150002', 'TI3346', 70000, '2015-12-08', '13:00:00', 'Sudah', 16, 3, 1, 'PRJ0008', 'AST0004', '1', 'B', 'Disetujui'),
(8, 'DFTR1220150002', 'TI3343', 70000, '2015-12-08', '13:00:00', 'Sudah', 15, 3, 1, 'PRJ0003', 'AST0005', '1', 'B', 'Disetujui'),
(9, 'DFTR1220150003', 'TI1340', 70000, '2015-12-08', '13:00:00', 'Belum', 15, 3, 1, 'PRJ0002', 'AST0001', '1', 'D', 'Disetujui'),
(10, 'DFTR1220150003', 'TI3346', 70000, '2015-12-08', '13:00:00', 'Sudah', 16, 3, 1, 'PRJ0008', 'AST0004', '1', 'B', 'Disetujui'),
(11, 'DFTR1220150003', 'TI3343', 70000, '2015-12-08', '13:00:00', 'Belum', 15, 3, 1, 'PRJ0003', 'AST0005', '1', 'D', 'Disetujui'),
(12, 'DFTR1220150004', 'TI3343', 70000, '2015-12-08', '13:00:00', 'Sudah', 15, 3, 1, 'PRJ0003', 'AST0005', '1', 'B', 'Disetujui'),
(13, 'DFTR1220150005', 'TI3343', 70000, '2015-12-08', '13:00:00', 'Sudah', 15, 3, 1, 'PRJ0003', 'AST0005', '1', 'B', 'Disetujui'),
(14, 'DFTR1220150006', 'TI3343', 70000, '2015-12-08', '13:00:00', 'Sudah', 15, 3, 1, 'PRJ0003', 'AST0005', '1', 'B', 'Disetujui'),
(15, 'DFTR1220150007', 'TI3346', 70000, '2015-12-08', '13:00:00', 'Sudah', 17, 3, 2, 'PRJ0008', 'AST0004', '1', 'B', 'Disetujui'),
(16, 'DFTR1220150008', 'TI3346', 70000, '2015-12-08', '13:00:00', 'Sudah', 16, 3, 1, 'PRJ0008', 'AST0004', '1', 'C', 'Disetujui'),
(17, 'DFTR1220150008', 'TI3343', 70000, '2015-12-08', '13:00:00', 'Sudah', 15, 3, 1, 'PRJ0003', 'AST0005', '1', 'B', 'Disetujui'),
(18, 'DFTR1220150009', 'TI3343', 70000, '2015-12-08', '13:00:00', 'Sudah', 15, 3, 1, 'PRJ0003', 'AST0005', '1', 'B', 'Disetujui'),
(19, 'DFTR1220150010', 'TI3343', 70000, '2015-12-08', '13:00:00', 'Sudah', 15, 3, 1, 'PRJ0003', 'AST0005', '1', 'B', 'Disetujui'),
(20, 'DFTR1220150011', 'TI2341', 70000, '2015-12-08', '13:00:00', 'Sudah', 9, 1, 1, 'PRJ0004', 'AST0002', '1', 'A', 'Disetujui'),
(21, 'DFTR1220150011', 'TI2342', 70000, '2015-12-08', '13:00:00', 'Sudah', 9, 1, 1, 'PRJ0006', 'AST0003', '1', 'B', 'Disetujui'),
(22, 'DFTR1220150011', 'TI3343', 70000, '2015-12-08', '13:00:00', 'Sudah', 9, 1, 1, 'PRJ0009', 'AST0005', '1', 'B', 'Disetujui'),
(23, 'DFTR1220150012', 'TI3346', 70000, '2015-12-08', '13:00:00', 'Belum', 16, 3, 1, 'PRJ0008', 'AST0004', '1', 'D', 'Disetujui'),
(24, 'DFTR1220150013', 'TI3343', 70000, '2015-12-08', '13:00:00', 'Sudah', 15, 3, 1, 'PRJ0003', 'AST0005', '1', 'B', 'Disetujui'),
(25, 'DFTR1220150014', 'TI2342', 70000, '2015-12-08', '13:00:00', 'Sudah', 9, 1, 1, 'PRJ0006', 'AST0003', '1', 'B', 'Disetujui'),
(26, 'DFTR1220150015', 'TI3346', 70000, '2015-12-08', '13:00:00', 'Sudah', 16, 3, 1, 'PRJ0008', 'AST0004', '1', 'A', 'Disetujui'),
(27, 'DFTR1220150015', 'TI3343', 70000, '2015-12-08', '13:00:00', 'Sudah', 15, 3, 1, 'PRJ0003', 'AST0005', '1', 'B', 'Disetujui'),
(28, 'DFTR1220150016', 'TI2342', 70000, '2015-12-08', '13:00:00', 'Sudah', 9, 1, 1, 'PRJ0006', 'AST0003', '1', 'A', 'Disetujui'),
(29, 'DFTR1220150017', 'TI3346', 70000, '2015-12-08', '13:00:00', 'Sudah', 17, 3, 2, 'PRJ0008', 'AST0004', '1', 'B', 'Disetujui'),
(30, 'DFTR1220150017', 'TI3343', 70000, '2015-12-08', '13:00:00', 'Sudah', 15, 3, 1, 'PRJ0003', 'AST0005', '1', 'A', 'Disetujui'),
(31, 'DFTR1220150018', 'TI3343', 70000, '2015-12-08', '13:00:00', 'Sudah', 9, 1, 1, 'PRJ0009', 'AST0005', '1', 'A', 'Disetujui'),
(32, 'DFTR1220150019', 'TI3346', 70000, '2015-12-08', '13:00:00', 'Sudah', 16, 3, 1, 'PRJ0008', 'AST0004', '1', 'A', 'Disetujui'),
(33, 'DFTR1220150019', 'TI3343', 70000, '2015-12-08', '13:00:00', 'Sudah', 15, 3, 1, 'PRJ0003', 'AST0005', '1', 'B', 'Disetujui'),
(34, 'DFTR1220150020', 'TI3343', 70000, '2015-12-08', '13:00:00', 'Sudah', 15, 3, 1, 'PRJ0003', 'AST0005', '1', 'B', 'Disetujui'),
(35, 'DFTR1220150021', 'TI3346', 70000, '2015-12-08', '13:00:00', 'Sudah', 9, 1, 1, 'PRJ0007', 'AST0004', '1', 'B', 'Disetujui'),
(36, 'DFTR1220150021', 'TI3343', 70000, '2015-12-08', '13:00:00', 'Sudah', 9, 1, 1, 'PRJ0009', 'AST0005', '1', 'B', 'Disetujui'),
(37, 'DFTR1220150022', 'TI3343', 70000, '2015-12-08', '13:00:00', 'Sudah', 9, 1, 1, 'PRJ0009', 'AST0005', '1', 'A', 'Disetujui'),
(38, 'DFTR1220150023', 'TI3346', 70000, '2015-12-08', '13:00:00', 'Sudah', 9, 1, 1, 'PRJ0007', 'AST0004', '1', 'A', 'Disetujui'),
(39, 'DFTR1220150023', 'TI3343', 70000, '2015-12-08', '13:00:00', 'Sudah', 9, 1, 1, 'PRJ0009', 'AST0005', '1', 'B', 'Disetujui'),
(40, 'DFTR1220150024', 'TI3346', 70000, '2015-12-08', '13:00:00', 'Sudah', 9, 1, 1, 'PRJ0007', 'AST0004', '1', 'A', 'Disetujui'),
(41, 'DFTR1220150024', 'TI3343', 70000, '2015-12-08', '13:00:00', 'Sudah', 9, 1, 1, 'PRJ0009', 'AST0005', '1', 'B', 'Disetujui'),
(42, 'DFTR1220150025', 'TI3346', 70000, '2015-12-08', '13:00:00', 'Sudah', 16, 3, 1, 'PRJ0008', 'AST0004', '1', 'B', 'Disetujui'),
(43, 'DFTR1220150025', 'TI3343', 70000, '2015-12-08', '13:00:00', 'Sudah', 15, 3, 1, 'PRJ0003', 'AST0005', '1', 'B', 'Disetujui'),
(44, 'DFTR1220150026', 'TI2341', 70000, '2015-12-08', '13:00:00', 'Sudah', 16, 3, 1, 'PRJ0005', 'AST0002', '1', 'B', 'Disetujui'),
(45, 'DFTR1220150026', 'TI2342', 70000, '2015-12-08', '13:00:00', 'Sudah', 16, 3, 1, 'PRJ0003', 'AST0003', '1', 'A', 'Disetujui'),
(46, 'DFTR1220150026', 'TI3346', 70000, '2015-12-08', '13:00:00', 'Sudah', 16, 3, 1, 'PRJ0008', 'AST0004', '1', 'D', 'Disetujui'),
(47, 'DFTR1220150027', 'TI3346', 70000, '2015-12-08', '13:00:00', 'Sudah', 9, 1, 1, 'PRJ0007', 'AST0004', '1', 'A', 'Disetujui'),
(48, 'DFTR1220150027', 'TI3343', 70000, '2015-12-08', '13:00:00', 'Sudah', 9, 1, 1, 'PRJ0009', 'AST0005', '1', 'B', 'Disetujui'),
(49, 'DFTR1220150028', 'TI3346', 70000, '2015-12-08', '13:00:00', 'Sudah', 9, 1, 1, 'PRJ0007', 'AST0004', '1', 'B', 'Disetujui'),
(50, 'DFTR1220150028', 'TI3343', 70000, '2015-12-08', '13:00:00', 'Sudah', 9, 1, 1, 'PRJ0009', 'AST0005', '1', 'B', 'Disetujui'),
(51, 'DFTR1220150029', 'TI3346', 70000, '2015-12-08', '13:00:00', 'Sudah', 9, 1, 1, 'PRJ0007', 'AST0004', '1', 'A', 'Disetujui'),
(52, 'DFTR1220150029', 'TI3343', 70000, '2015-12-08', '13:00:00', 'Sudah', 9, 1, 1, 'PRJ0009', 'AST0005', '1', 'B', 'Disetujui'),
(53, 'DFTR1220150030', 'TI3346', 70000, '2015-12-08', '13:00:00', 'Sudah', 9, 1, 1, 'PRJ0007', 'AST0004', '1', 'A', 'Disetujui'),
(54, 'DFTR1220150030', 'TI3343', 70000, '2015-12-08', '13:00:00', 'Sudah', 9, 1, 1, 'PRJ0009', 'AST0005', '1', 'B', 'Disetujui'),
(55, 'DFTR1220150031', 'TI3346', 70000, '2015-12-08', '13:00:00', 'Sudah', 9, 1, 1, 'PRJ0007', 'AST0004', '1', 'A', 'Disetujui'),
(56, 'DFTR1220150031', 'TI3343', 70000, '2015-12-08', '13:00:00', 'Sudah', 9, 1, 1, 'PRJ0009', 'AST0005', '1', 'B', 'Disetujui'),
(57, 'DFTR1220150032', 'TI3346', 70000, '2015-12-08', '13:00:00', 'Sudah', 16, 3, 1, 'PRJ0008', 'AST0004', '1', 'B', 'Disetujui'),
(58, 'DFTR1220150032', 'TI3343', 70000, '2015-12-08', '13:00:00', 'Sudah', 15, 3, 1, 'PRJ0003', 'AST0005', '1', 'B', 'Disetujui'),
(59, 'DFTR1220150033', 'TI2341', 70000, '2015-12-08', '13:00:00', 'Sudah', 16, 3, 1, 'PRJ0005', 'AST0002', '1', 'A', 'Disetujui'),
(60, 'DFTR1220150033', 'TI3343', 70000, '2015-12-08', '13:00:00', 'Sudah', 16, 3, 2, 'PRJ0003', 'AST0005', '1', 'A', 'Disetujui'),
(61, 'DFTR1220150034', 'TI2341', 70000, '2015-12-08', '13:00:00', 'Sudah', 9, 1, 1, 'PRJ0004', 'AST0002', '1', 'B', 'Disetujui'),
(62, 'DFTR1220150034', 'TI2342', 70000, '2015-12-08', '13:00:00', 'Sudah', 9, 1, 1, 'PRJ0006', 'AST0003', '1', 'B', 'Disetujui'),
(63, 'DFTR1220150034', 'TI3346', 70000, '2015-12-08', '13:00:00', 'Sudah', 9, 1, 1, 'PRJ0007', 'AST0004', '1', 'B', 'Disetujui'),
(64, 'DFTR1220150034', 'TI3343', 70000, '2015-12-08', '13:00:00', 'Sudah', 9, 1, 1, 'PRJ0009', 'AST0005', '1', 'B', 'Disetujui'),
(65, 'DFTR1220150035', 'TI1340', 70000, '2015-12-08', '13:00:00', 'Belum', 15, 3, 1, 'PRJ0002', 'AST0001', '1', 'B', 'Disetujui'),
(66, 'DFTR1220150035', 'TI2341', 70000, '2015-12-08', '13:00:00', 'Sudah', 16, 3, 1, 'PRJ0005', 'AST0002', '1', 'A', 'Disetujui'),
(67, 'DFTR1220150035', 'TI2342', 70000, '2015-12-08', '13:00:00', 'Sudah', 16, 3, 1, 'PRJ0003', 'AST0003', '1', 'B', 'Disetujui'),
(68, 'DFTR1220150035', 'TI3346', 70000, '2015-12-08', '13:00:00', 'Sudah', 16, 3, 1, 'PRJ0008', 'AST0004', '1', 'B', 'Disetujui'),
(69, 'DFTR1220150035', 'TI3343', 70000, '2015-12-08', '13:00:00', 'Sudah', 16, 3, 2, 'PRJ0003', 'AST0005', '1', 'B', 'Disetujui'),
(70, 'DFTR1220150036', 'TI2341', 70000, '2015-12-08', '13:00:00', 'Sudah', 16, 3, 1, 'PRJ0005', 'AST0002', '1', 'A', 'Disetujui'),
(71, 'DFTR1220150036', 'TI3346', 70000, '2015-12-08', '13:00:00', 'Belum', 16, 3, 1, 'PRJ0008', 'AST0004', '1', 'D', 'Disetujui'),
(72, 'DFTR1220150036', 'TI3343', 70000, '2015-12-08', '13:00:00', 'Sudah', 16, 3, 2, 'PRJ0003', 'AST0005', '1', 'B', 'Disetujui'),
(73, 'DFTR1220150037', 'TI2341', 70000, '2015-12-08', '13:00:00', 'Sudah', 9, 1, 1, 'PRJ0004', 'AST0002', '1', 'A', 'Disetujui'),
(74, 'DFTR1220150037', 'TI2342', 70000, '2015-12-08', '13:00:00', 'Sudah', 9, 1, 1, 'PRJ0006', 'AST0003', '1', 'B', 'Disetujui'),
(75, 'DFTR1220150037', 'TI3346', 70000, '2015-12-08', '13:00:00', 'Sudah', 9, 1, 1, 'PRJ0007', 'AST0004', '1', 'B', 'Disetujui'),
(76, 'DFTR1220150037', 'TI3343', 70000, '2015-12-08', '13:00:00', 'Sudah', 9, 1, 1, 'PRJ0009', 'AST0005', '1', 'A', 'Disetujui'),
(77, 'DFTR1220150038', 'TI2341', 70000, '2015-12-08', '13:00:00', 'Sudah', 16, 3, 1, 'PRJ0005', 'AST0002', '1', 'A', 'Disetujui'),
(78, 'DFTR1220150038', 'TI3343', 70000, '2015-12-08', '13:00:00', 'Sudah', 16, 3, 2, 'PRJ0003', 'AST0005', '1', 'A', 'Disetujui'),
(79, 'DFTR1220150039', 'TI2341', 70000, '2015-12-08', '13:00:00', 'Sudah', 16, 3, 1, 'PRJ0005', 'AST0002', '1', 'A', 'Disetujui'),
(80, 'DFTR1220150039', 'TI3343', 70000, '2015-12-08', '13:00:00', 'Sudah', 16, 3, 2, 'PRJ0003', 'AST0005', '1', 'B', 'Disetujui'),
(81, 'DFTR1220150040', 'TI2341', 70000, '2015-12-08', '13:00:00', 'Sudah', 16, 3, 1, 'PRJ0005', 'AST0002', '1', 'A', 'Disetujui'),
(82, 'DFTR1220150040', 'TI3343', 70000, '2015-12-08', '13:00:00', 'Sudah', 16, 3, 2, 'PRJ0003', 'AST0005', '1', 'B', 'Disetujui'),
(83, 'DFTR1220150041', 'TI3346', 70000, '2015-12-08', '13:00:00', 'Sudah', 16, 3, 1, 'PRJ0008', 'AST0004', '1', 'A', 'Disetujui'),
(84, 'DFTR1220150041', 'TI3343', 70000, '2015-12-08', '13:00:00', 'Sudah', 16, 3, 2, 'PRJ0003', 'AST0005', '1', 'A', 'Disetujui'),
(85, 'DFTR1220150042', 'TI2341', 70000, '2015-12-08', '13:00:00', 'Sudah', 16, 3, 1, 'PRJ0005', 'AST0002', '1', 'A', 'Disetujui'),
(86, 'DFTR1220150042', 'TI2342', 70000, '2015-12-08', '13:00:00', 'Sudah', 16, 3, 1, 'PRJ0003', 'AST0003', '1', 'A', 'Disetujui'),
(87, 'DFTR1220150042', 'TI3346', 70000, '2015-12-08', '13:00:00', 'Sudah', 16, 3, 1, 'PRJ0008', 'AST0004', '1', 'A', 'Disetujui'),
(88, 'DFTR1220150042', 'TI3343', 70000, '2015-12-08', '13:00:00', 'Sudah', 16, 3, 2, 'PRJ0003', 'AST0005', '1', 'A', 'Disetujui'),
(89, 'DFTR1220150043', 'TI2341', 70000, '2015-12-08', '13:00:00', 'Sudah', 9, 1, 1, 'PRJ0004', 'AST0002', '1', 'A', 'Disetujui'),
(90, 'DFTR1220150043', 'TI2342', 70000, '2015-12-08', '13:00:00', 'Sudah', 9, 1, 1, 'PRJ0006', 'AST0003', '1', 'B', 'Disetujui'),
(91, 'DFTR1220150043', 'TI3346', 70000, '2015-12-08', '13:00:00', 'Sudah', 9, 1, 1, 'PRJ0007', 'AST0004', '1', 'B', 'Disetujui'),
(92, 'DFTR1220150043', 'TI3343', 70000, '2015-12-08', '13:00:00', 'Sudah', 9, 1, 1, 'PRJ0009', 'AST0005', '1', 'B', 'Disetujui'),
(93, 'DFTR1220150044', 'TI2341', 70000, '2015-12-08', '13:00:00', 'Sudah', 9, 1, 1, 'PRJ0004', 'AST0002', '1', 'A', 'Disetujui'),
(94, 'DFTR1220150044', 'TI3343', 70000, '2015-12-08', '13:00:00', 'Sudah', 9, 1, 1, 'PRJ0009', 'AST0005', '1', 'B', 'Disetujui'),
(95, 'DFTR1220150045', 'TI2341', 70000, '2015-12-08', '13:00:00', 'Sudah', 16, 3, 1, 'PRJ0005', 'AST0002', '1', 'A', 'Disetujui'),
(96, 'DFTR1220150045', 'TI3346', 70000, '2015-12-08', '13:00:00', 'Sudah', 16, 3, 1, 'PRJ0008', 'AST0004', '1', 'B', 'Disetujui'),
(97, 'DFTR1220150045', 'TI3343', 70000, '2015-12-08', '13:00:00', 'Sudah', 16, 3, 2, 'PRJ0003', 'AST0005', '1', 'B', 'Disetujui'),
(98, 'DFTR1220150046', 'TI2341', 70000, '2015-12-08', '13:00:00', 'Sudah', 16, 3, 1, 'PRJ0005', 'AST0002', '1', 'A', 'Disetujui'),
(99, 'DFTR1220150046', 'TI3343', 70000, '2015-12-08', '13:00:00', 'Sudah', 16, 3, 2, 'PRJ0003', 'AST0005', '1', 'A', 'Disetujui'),
(100, 'DFTR1220150047', 'TI2341', 70000, '2015-12-08', '13:00:00', 'Sudah', 16, 3, 1, 'PRJ0005', 'AST0002', '1', 'A', 'Disetujui'),
(101, 'DFTR1220150047', 'TI3343', 70000, '2015-12-08', '13:00:00', 'Sudah', 16, 3, 2, 'PRJ0003', 'AST0005', '1', 'B', 'Disetujui'),
(102, 'DFTR1220150048', 'TI3346', 70000, '2015-12-08', '13:00:00', 'Sudah', 16, 3, 1, 'PRJ0008', 'AST0004', '1', 'A', 'Disetujui'),
(103, 'DFTR1220150048', 'TI3343', 70000, '2015-12-08', '13:00:00', 'Sudah', 16, 3, 2, 'PRJ0003', 'AST0005', '1', 'A', 'Disetujui'),
(104, 'DFTR1220150049', 'TI2341', 70000, '2015-12-08', '13:00:00', 'Sudah', 16, 3, 1, 'PRJ0005', 'AST0002', '1', 'A', 'Disetujui'),
(105, 'DFTR1220150049', 'TI3346', 70000, '2015-12-08', '13:00:00', 'Sudah', 16, 3, 1, 'PRJ0008', 'AST0004', '1', 'A', 'Disetujui'),
(106, 'DFTR1220150049', 'TI3343', 70000, '2015-12-08', '13:00:00', 'Sudah', 16, 3, 2, 'PRJ0003', 'AST0005', '1', 'B', 'Disetujui'),
(107, 'DFTR1220150050', 'TI3346', 70000, '2015-12-08', '13:00:00', 'Sudah', 9, 1, 1, 'PRJ0007', 'AST0004', '1', 'A', 'Disetujui'),
(108, 'DFTR1220150050', 'TI3343', 70000, '2015-12-08', '13:00:00', 'Sudah', 9, 1, 1, 'PRJ0009', 'AST0005', '1', 'A', 'Disetujui'),
(109, 'DFTR1220150051', 'TI2341', 70000, '2015-12-08', '13:00:00', 'Sudah', 9, 1, 1, 'PRJ0004', 'AST0002', '1', 'A', 'Disetujui'),
(110, 'DFTR1220150051', 'TI2342', 70000, '2015-12-08', '13:00:00', 'Sudah', 9, 1, 1, 'PRJ0006', 'AST0003', '1', 'B', 'Disetujui'),
(111, 'DFTR1220150051', 'TI3346', 70000, '2015-12-08', '13:00:00', 'Sudah', 9, 1, 1, 'PRJ0007', 'AST0004', '1', 'B', 'Disetujui'),
(112, 'DFTR1220150051', 'TI3343', 70000, '2015-12-08', '13:00:00', 'Sudah', 10, 1, 2, 'PRJ0009', 'AST0005', '1', 'A', 'Disetujui'),
(113, 'DFTR1220150052', 'TI3346', 70000, '2015-12-08', '13:00:00', 'Belum', 9, 1, 1, 'PRJ0007', 'AST0004', '1', 'D', 'Disetujui'),
(114, 'DFTR1220150053', 'TI2341', 70000, '2015-12-08', '13:00:00', 'Sudah', 9, 1, 1, 'PRJ0004', 'AST0002', '1', 'B', 'Disetujui'),
(115, 'DFTR1220150053', 'TI2342', 70000, '2015-12-08', '13:00:00', 'Sudah', 16, 3, 1, 'PRJ0003', 'AST0003', '1', 'B', 'Disetujui'),
(116, 'DFTR1220150053', 'TI3346', 70000, '2015-12-08', '13:00:00', 'Sudah', 16, 3, 1, 'PRJ0008', 'AST0004', '1', 'B', 'Disetujui'),
(117, 'DFTR1220150053', 'TI3343', 70000, '2015-12-08', '13:00:00', 'Sudah', 16, 3, 2, 'PRJ0003', 'AST0005', '1', 'B', 'Disetujui'),
(118, 'DFTR1220150054', 'TI2341', 70000, '2015-12-08', '13:00:00', 'Sudah', 9, 1, 1, 'PRJ0004', 'AST0002', '1', 'A', 'Disetujui'),
(119, 'DFTR1220150054', 'TI2342', 70000, '2015-12-08', '13:00:00', 'Sudah', 9, 1, 1, 'PRJ0006', 'AST0003', '1', 'B', 'Disetujui'),
(120, 'DFTR1220150054', 'TI3343', 70000, '2015-12-08', '13:00:00', 'Belum', 10, 1, 2, 'PRJ0009', 'AST0005', '1', 'D', 'Disetujui'),
(121, 'DFTR1220150055', 'TI2341', 70000, '2015-12-08', '13:00:00', 'Sudah', 16, 3, 1, 'PRJ0005', 'AST0002', '1', 'A', 'Disetujui'),
(122, 'DFTR1220150055', 'TI2342', 70000, '2015-12-08', '13:00:00', 'Sudah', 16, 3, 1, 'PRJ0003', 'AST0003', '1', 'B', 'Disetujui'),
(123, 'DFTR1220150056', 'TI2341', 70000, '2015-12-08', '13:00:00', 'Sudah', 9, 1, 1, 'PRJ0004', 'AST0002', '1', 'A', 'Disetujui'),
(124, 'DFTR1220150056', 'TI2342', 70000, '2015-12-08', '13:00:00', 'Sudah', 9, 1, 1, 'PRJ0006', 'AST0003', '1', 'B', 'Disetujui'),
(125, 'DFTR1220150056', 'TI3346', 70000, '2015-12-08', '13:00:00', 'Sudah', 10, 1, 2, 'PRJ0007', 'AST0004', '1', 'B', 'Disetujui'),
(126, 'DFTR1220150056', 'TI3343', 70000, '2015-12-08', '13:00:00', 'Sudah', 10, 1, 2, 'PRJ0009', 'AST0005', '1', 'A', 'Disetujui'),
(127, 'DFTR1220150057', 'TI2342', 70000, '2015-12-08', '13:00:00', 'Sudah', 16, 3, 1, 'PRJ0003', 'AST0003', '1', 'B', 'Disetujui'),
(128, 'DFTR1220150058', 'TI2341', 70000, '2015-12-08', '13:00:00', 'Sudah', 16, 3, 1, 'PRJ0005', 'AST0002', '1', 'A', 'Disetujui'),
(129, 'DFTR1220150058', 'TI2342', 70000, '2015-12-08', '13:00:00', 'Sudah', 16, 3, 1, 'PRJ0003', 'AST0003', '1', 'D', 'Disetujui'),
(130, 'DFTR1220150058', 'TI3346', 70000, '2015-12-08', '13:00:00', 'Sudah', 17, 3, 2, 'PRJ0008', 'AST0004', '1', 'A', 'Disetujui'),
(131, 'DFTR1220150058', 'TI3343', 70000, '2015-12-08', '13:00:00', 'Sudah', 16, 3, 2, 'PRJ0003', 'AST0005', '1', 'B', 'Disetujui'),
(132, 'DFTR1220150059', 'TI3346', 70000, '2015-12-08', '13:00:00', 'Sudah', 10, 1, 2, 'PRJ0007', 'AST0004', '1', 'A', 'Disetujui'),
(133, 'DFTR1220150059', 'TI3343', 70000, '2015-12-08', '13:00:00', 'Sudah', 10, 1, 2, 'PRJ0009', 'AST0005', '1', 'B', 'Disetujui'),
(134, 'DFTR1220150060', 'TI2341', 70000, '2015-12-08', '13:00:00', 'Sudah', 9, 1, 1, 'PRJ0004', 'AST0002', '1', 'A', 'Disetujui'),
(135, 'DFTR1220150060', 'TI2342', 70000, '2015-12-08', '13:00:00', 'Sudah', 16, 3, 1, 'PRJ0003', 'AST0003', '1', 'B', 'Disetujui'),
(136, 'DFTR1220150060', 'TI3346', 70000, '2015-12-08', '13:00:00', 'Sudah', 17, 3, 2, 'PRJ0008', 'AST0004', '1', 'B', 'Disetujui'),
(137, 'DFTR1220150060', 'TI3343', 70000, '2015-12-08', '13:00:00', 'Sudah', 17, 4, 1, 'PRJ0003', 'AST0005', '1', 'B', 'Disetujui'),
(138, 'DFTR1220150061', 'TI1340', 70000, '2015-12-08', '13:00:00', 'Belum', 15, 3, 1, 'PRJ0002', 'AST0001', '1', 'B', 'Disetujui'),
(139, 'DFTR1220150061', 'TI2341', 70000, '2015-12-08', '13:00:00', 'Sudah', 17, 3, 2, 'PRJ0005', 'AST0002', '1', 'A', 'Disetujui'),
(140, 'DFTR1220150061', 'TI2342', 70000, '2015-12-08', '13:00:00', 'Sudah', 18, 4, 1, 'PRJ0003', 'AST0003', '1', 'A', 'Disetujui'),
(141, 'DFTR1220150061', 'TI3346', 70000, '2015-12-08', '13:00:00', 'Sudah', 17, 3, 2, 'PRJ0008', 'AST0004', '1', 'B', 'Disetujui'),
(142, 'DFTR1220150061', 'TI3343', 70000, '2015-12-08', '13:00:00', 'Sudah', 17, 4, 1, 'PRJ0003', 'AST0005', '1', 'B', 'Disetujui'),
(143, 'DFTR1220150062', 'TI1340', 70000, '2015-12-08', '13:00:00', 'Belum', 9, 1, 1, 'PRJ0003', 'AST0001', '1', 'D', 'Disetujui'),
(144, 'DFTR1220150062', 'TI2341', 70000, '2015-12-08', '13:00:00', 'Sudah', 9, 1, 1, 'PRJ0004', 'AST0002', '1', 'A', 'Disetujui'),
(145, 'DFTR1220150062', 'TI2342', 70000, '2015-12-08', '13:00:00', 'Sudah', 9, 1, 1, 'PRJ0006', 'AST0003', '1', 'B', 'Disetujui'),
(146, 'DFTR1220150062', 'TI3346', 70000, '2015-12-08', '13:00:00', 'Sudah', 10, 1, 2, 'PRJ0007', 'AST0004', '1', 'A', 'Disetujui'),
(147, 'DFTR1220150062', 'TI3343', 70000, '2015-12-08', '13:00:00', 'Sudah', 10, 1, 2, 'PRJ0009', 'AST0005', '1', 'B', 'Disetujui'),
(148, 'DFTR1220150063', 'TI2341', 70000, '2015-12-08', '13:00:00', 'Sudah', 17, 3, 2, 'PRJ0005', 'AST0002', '1', 'A', 'Disetujui'),
(149, 'DFTR1220150063', 'TI2342', 70000, '2015-12-08', '13:00:00', 'Sudah', 16, 3, 1, 'PRJ0003', 'AST0003', '1', 'B', 'Disetujui'),
(150, 'DFTR1220150063', 'TI3346', 70000, '2015-12-08', '13:00:00', 'Sudah', 17, 3, 2, 'PRJ0008', 'AST0004', '1', 'B', 'Disetujui'),
(151, 'DFTR1220150063', 'TI3343', 70000, '2015-12-08', '13:00:00', 'Sudah', 17, 4, 1, 'PRJ0003', 'AST0005', '1', 'A', 'Disetujui'),
(152, 'DFTR1220150064', 'TI2341', 70000, '2015-12-08', '13:00:00', 'Sudah', 9, 1, 1, 'PRJ0004', 'AST0002', '1', 'B', 'Disetujui'),
(153, 'DFTR1220150064', 'TI2342', 70000, '2015-12-08', '13:00:00', 'Sudah', 9, 1, 1, 'PRJ0006', 'AST0003', '1', 'B', 'Disetujui'),
(154, 'DFTR1220150064', 'TI3346', 70000, '2015-12-08', '13:00:00', 'Sudah', 10, 1, 2, 'PRJ0007', 'AST0004', '1', 'B', 'Disetujui'),
(155, 'DFTR1220150065', 'TI2341', 70000, '2015-12-08', '13:00:00', 'Sudah', 17, 3, 2, 'PRJ0005', 'AST0002', '1', 'A', 'Disetujui'),
(156, 'DFTR1220150065', 'TI2342', 70000, '2015-12-08', '13:00:00', 'Sudah', 16, 3, 1, 'PRJ0003', 'AST0003', '1', 'A', 'Disetujui'),
(157, 'DFTR1220150066', 'TI2341', 70000, '2015-12-08', '13:00:00', 'Sudah', 9, 1, 1, 'PRJ0004', 'AST0002', '1', 'A', 'Disetujui'),
(158, 'DFTR1220150066', 'TI2342', 70000, '2015-12-08', '13:00:00', 'Sudah', 9, 1, 1, 'PRJ0006', 'AST0003', '1', 'A', 'Disetujui'),
(159, 'DFTR1220150066', 'TI3346', 70000, '2015-12-08', '13:00:00', 'Sudah', 10, 1, 2, 'PRJ0007', 'AST0004', '1', 'B', 'Disetujui'),
(160, 'DFTR1220150067', 'TI2341', 70000, '2015-12-08', '13:00:00', 'Sudah', 17, 3, 2, 'PRJ0005', 'AST0002', '1', 'A', 'Disetujui'),
(161, 'DFTR1220150067', 'TI2342', 70000, '2015-12-08', '13:00:00', 'Sudah', 16, 3, 1, 'PRJ0003', 'AST0003', '1', 'A', 'Disetujui'),
(162, 'DFTR1220150068', 'TI2341', 70000, '2015-12-08', '13:00:00', 'Sudah', 17, 3, 2, 'PRJ0005', 'AST0002', '1', 'A', 'Disetujui'),
(163, 'DFTR1220150068', 'TI2342', 70000, '2015-12-08', '13:00:00', 'Sudah', 16, 3, 1, 'PRJ0003', 'AST0003', '1', 'B', 'Disetujui'),
(164, 'DFTR1220150068', 'TI3346', 70000, '2015-12-08', '13:00:00', 'Sudah', 17, 3, 2, 'PRJ0008', 'AST0004', '1', 'B', 'Disetujui'),
(165, 'DFTR1220150068', 'TI3343', 70000, '2015-12-08', '13:00:00', 'Sudah', 17, 4, 1, 'PRJ0003', 'AST0005', '1', 'B', 'Disetujui'),
(166, 'DFTR1220150069', 'TI2341', 70000, '2015-12-08', '13:00:00', 'Sudah', 17, 3, 2, 'PRJ0005', 'AST0002', '1', 'A', 'Disetujui'),
(167, 'DFTR1220150069', 'TI2342', 70000, '2015-12-08', '13:00:00', 'Sudah', 16, 3, 1, 'PRJ0003', 'AST0003', '1', 'A', 'Disetujui'),
(168, 'DFTR1220150070', 'TI2341', 70000, '2015-12-08', '13:00:00', 'Sudah', 17, 3, 2, 'PRJ0005', 'AST0002', '1', 'A', 'Disetujui'),
(169, 'DFTR1220150070', 'TI2342', 70000, '2015-12-08', '13:00:00', 'Sudah', 16, 3, 1, 'PRJ0003', 'AST0003', '1', 'B', 'Disetujui'),
(170, 'DFTR1220150070', 'TI3346', 70000, '2015-12-08', '13:00:00', 'Sudah', 17, 3, 2, 'PRJ0008', 'AST0004', '1', 'A', 'Disetujui'),
(171, 'DFTR1220150070', 'TI3343', 70000, '2015-12-08', '13:00:00', 'Sudah', 17, 4, 1, 'PRJ0003', 'AST0005', '1', 'A', 'Disetujui'),
(172, 'DFTR1220150071', 'TI3346', 70000, '2015-12-08', '13:00:00', 'Sudah', 10, 1, 2, 'PRJ0007', 'AST0004', '1', 'A', 'Disetujui'),
(173, 'DFTR1220150071', 'TI3343', 70000, '2015-12-08', '13:00:00', 'Sudah', 10, 1, 2, 'PRJ0009', 'AST0005', '1', 'B', 'Disetujui'),
(174, 'DFTR1220150072', 'TI2341', 70000, '2015-12-08', '13:00:00', 'Sudah', 17, 3, 2, 'PRJ0005', 'AST0002', '1', 'A', 'Disetujui'),
(175, 'DFTR1220150072', 'TI2342', 70000, '2015-12-08', '13:00:00', 'Sudah', 16, 3, 1, 'PRJ0003', 'AST0003', '1', 'A', 'Disetujui'),
(176, 'DFTR1220150073', 'TI2341', 70000, '2015-12-08', '13:00:00', 'Sudah', 9, 1, 1, 'PRJ0004', 'AST0002', '1', 'A', 'Disetujui'),
(177, 'DFTR1220150073', 'TI2342', 70000, '2015-12-08', '13:00:00', 'Sudah', 9, 1, 1, 'PRJ0006', 'AST0003', '1', 'A', 'Disetujui'),
(178, 'DFTR1220150074', 'TI2341', 70000, '2015-12-08', '13:00:00', 'Sudah', 9, 1, 1, 'PRJ0004', 'AST0002', '1', 'A', 'Disetujui'),
(179, 'DFTR1220150074', 'TI2342', 70000, '2015-12-08', '13:00:00', 'Sudah', 9, 1, 1, 'PRJ0006', 'AST0003', '1', 'A', 'Disetujui'),
(180, 'DFTR1220150074', 'TI3346', 70000, '2015-12-08', '13:00:00', 'Sudah', 10, 1, 2, 'PRJ0007', 'AST0004', '1', 'A', 'Disetujui'),
(181, 'DFTR1220150075', 'TI2341', 70000, '2015-12-08', '13:00:00', 'Sudah', 17, 3, 2, 'PRJ0005', 'AST0002', '1', 'A', 'Disetujui'),
(182, 'DFTR1220150075', 'TI2342', 70000, '2015-12-08', '13:00:00', 'Sudah', 17, 3, 2, 'PRJ0003', 'AST0003', '1', 'B', 'Disetujui'),
(183, 'DFTR1220150075', 'TI3346', 70000, '2015-12-08', '13:00:00', 'Sudah', 17, 3, 2, 'PRJ0008', 'AST0004', '1', 'A', 'Disetujui'),
(184, 'DFTR1220150075', 'TI3343', 70000, '2015-12-08', '13:00:00', 'Sudah', 17, 4, 1, 'PRJ0003', 'AST0005', '1', 'A', 'Disetujui'),
(185, 'DFTR1220150076', 'TI2341', 70000, '2015-12-08', '13:00:00', 'Sudah', 17, 3, 2, 'PRJ0005', 'AST0002', '1', 'A', 'Disetujui'),
(186, 'DFTR1220150076', 'TI2342', 70000, '2015-12-08', '13:00:00', 'Sudah', 17, 3, 2, 'PRJ0003', 'AST0003', '1', 'B', 'Disetujui'),
(187, 'DFTR1220150076', 'TI3346', 70000, '2015-12-08', '13:00:00', 'Sudah', 17, 3, 2, 'PRJ0008', 'AST0004', '1', 'A', 'Disetujui'),
(188, 'DFTR1220150076', 'TI3343', 70000, '2015-12-08', '13:00:00', 'Sudah', 17, 4, 1, 'PRJ0003', 'AST0005', '1', 'A', 'Disetujui'),
(189, 'DFTR1220150077', 'TI2341', 70000, '2015-12-08', '13:00:00', 'Sudah', 17, 3, 2, 'PRJ0005', 'AST0002', '1', 'B', 'Disetujui'),
(190, 'DFTR1220150077', 'TI2342', 70000, '2015-12-08', '13:00:00', 'Sudah', 17, 3, 2, 'PRJ0003', 'AST0003', '1', 'B', 'Disetujui'),
(191, 'DFTR1220150077', 'TI3346', 70000, '2015-12-08', '13:00:00', 'Sudah', 17, 3, 2, 'PRJ0008', 'AST0004', '1', 'B', 'Disetujui'),
(192, 'DFTR1220150078', 'TI2341', 70000, '2015-12-08', '13:00:00', 'Sudah', 17, 3, 2, 'PRJ0005', 'AST0002', '1', 'A', 'Disetujui'),
(193, 'DFTR1220150078', 'TI2342', 70000, '2015-12-08', '13:00:00', 'Sudah', 17, 3, 2, 'PRJ0003', 'AST0003', '1', 'B', 'Disetujui'),
(194, 'DFTR1220150078', 'TI3346', 70000, '2015-12-08', '13:00:00', 'Sudah', 17, 3, 2, 'PRJ0008', 'AST0004', '1', 'A', 'Disetujui'),
(195, 'DFTR1220150079', 'TI2341', 70000, '2015-12-08', '13:00:00', 'Sudah', 17, 3, 2, 'PRJ0005', 'AST0002', '1', 'A', 'Disetujui'),
(196, 'DFTR1220150079', 'TI2342', 70000, '2015-12-08', '13:00:00', 'Sudah', 17, 3, 2, 'PRJ0003', 'AST0003', '1', 'B', 'Disetujui'),
(197, 'DFTR1220150080', 'TI2341', 70000, '2015-12-08', '13:00:00', 'Sudah', 9, 1, 1, 'PRJ0004', 'AST0002', '1', 'A', 'Disetujui'),
(198, 'DFTR1220150080', 'TI2342', 70000, '2015-12-08', '13:00:00', 'Sudah', 9, 1, 1, 'PRJ0006', 'AST0003', '1', 'B', 'Disetujui'),
(199, 'DFTR1220150080', 'TI3346', 70000, '2015-12-08', '13:00:00', 'Sudah', 10, 1, 2, 'PRJ0007', 'AST0004', '1', 'A', 'Disetujui'),
(203, 'DFTR1220150082', 'TI2341', 70000, '2015-12-08', '13:00:00', 'Sudah', 17, 3, 2, 'PRJ0005', 'AST0002', '1', 'A', 'Disetujui'),
(204, 'DFTR1220150082', 'TI2342', 70000, '2015-12-08', '13:00:00', 'Sudah', 17, 3, 2, 'PRJ0003', 'AST0003', '1', 'B', 'Disetujui'),
(205, 'DFTR1220150083', 'TI2341', 70000, '2015-12-08', '13:00:00', 'Sudah', 18, 4, 1, 'PRJ0005', 'AST0002', '1', 'A', 'Disetujui'),
(206, 'DFTR1220150083', 'TI2342', 70000, '2015-12-08', '13:00:00', 'Sudah', 17, 3, 2, 'PRJ0003', 'AST0003', '1', 'B', 'Disetujui'),
(207, 'DFTR1220150083', 'TI3343', 70000, '2015-12-08', '13:00:00', 'Sudah', 17, 4, 1, 'PRJ0003', 'AST0005', '1', 'B', 'Disetujui'),
(208, 'DFTR1220150084', 'TI2341', 70000, '2015-12-08', '13:00:00', 'Sudah', 18, 4, 1, 'PRJ0005', 'AST0002', '1', 'A', 'Disetujui'),
(209, 'DFTR1220150084', 'TI2342', 70000, '2015-12-08', '13:00:00', 'Sudah', 17, 3, 2, 'PRJ0003', 'AST0003', '1', 'B', 'Disetujui'),
(210, 'DFTR1220150085', 'TI2341', 70000, '2015-12-08', '13:00:00', 'Sudah', 18, 4, 1, 'PRJ0005', 'AST0002', '1', 'B', 'Disetujui'),
(211, 'DFTR1220150085', 'TI2342', 70000, '2015-12-08', '13:00:00', 'Sudah', 17, 3, 2, 'PRJ0003', 'AST0003', '1', 'B', 'Disetujui'),
(212, 'DFTR1220150085', 'TI3346', 70000, '2015-12-08', '13:00:00', 'Sudah', 17, 3, 2, 'PRJ0008', 'AST0004', '1', 'A', 'Disetujui'),
(213, 'DFTR1220150085', 'TI3343', 70000, '2015-12-08', '13:00:00', 'Sudah', 17, 4, 1, 'PRJ0003', 'AST0005', '1', 'B', 'Disetujui'),
(214, 'DFTR1220150086', 'TI2341', 70000, '2015-12-08', '13:00:00', 'Sudah', 18, 4, 1, 'PRJ0005', 'AST0002', '1', 'A', 'Disetujui'),
(215, 'DFTR1220150086', 'TI2342', 70000, '2015-12-08', '13:00:00', 'Sudah', 17, 3, 2, 'PRJ0003', 'AST0003', '1', 'B', 'Disetujui'),
(216, 'DFTR1220150087', 'TI2341', 70000, '2015-12-08', '13:00:00', 'Sudah', 18, 4, 1, 'PRJ0005', 'AST0002', '1', 'A', 'Disetujui'),
(217, 'DFTR1220150087', 'TI2342', 70000, '2015-12-08', '13:00:00', 'Sudah', 17, 3, 2, 'PRJ0003', 'AST0003', '1', 'B', 'Disetujui'),
(218, 'DFTR1220150087', 'TI3346', 70000, '2015-12-08', '13:00:00', 'Sudah', 17, 3, 2, 'PRJ0008', 'AST0004', '1', 'B', 'Disetujui'),
(219, 'DFTR1220150088', 'TI2341', 70000, '2015-12-08', '13:00:00', 'Sudah', 9, 1, 1, 'PRJ0004', 'AST0002', '1', 'A', 'Disetujui'),
(220, 'DFTR1220150088', 'TI2342', 70000, '2015-12-08', '13:00:00', 'Sudah', 10, 1, 2, 'PRJ0006', 'AST0003', '1', 'B', 'Disetujui'),
(221, 'DFTR1220150088', 'TI3346', 70000, '2015-12-08', '13:00:00', 'Sudah', 10, 1, 2, 'PRJ0007', 'AST0004', '1', 'A', 'Disetujui'),
(222, 'DFTR1220150089', 'TI2341', 70000, '2015-12-08', '13:00:00', 'Sudah', 18, 4, 1, 'PRJ0005', 'AST0002', '1', 'C', 'Disetujui'),
(223, 'DFTR1220150089', 'TI2342', 70000, '2015-12-08', '13:00:00', 'Sudah', 17, 3, 2, 'PRJ0003', 'AST0003', '1', 'A', 'Disetujui'),
(224, 'DFTR1220150090', 'TI2341', 70000, '2015-12-08', '13:00:00', 'Sudah', 18, 4, 1, 'PRJ0005', 'AST0002', '1', 'A', 'Disetujui'),
(225, 'DFTR1220150090', 'TI2342', 70000, '2015-12-08', '13:00:00', 'Sudah', 17, 3, 2, 'PRJ0003', 'AST0003', '1', 'B', 'Disetujui'),
(226, 'DFTR1220150091', 'TI2341', 70000, '2015-12-08', '13:00:00', 'Sudah', 10, 1, 2, 'PRJ0004', 'AST0002', '1', 'D', 'Disetujui'),
(227, 'DFTR1220150091', 'TI2342', 70000, '2015-12-08', '13:00:00', 'Sudah', 10, 1, 2, 'PRJ0006', 'AST0003', '1', 'D', 'Disetujui'),
(228, 'DFTR1220150092', 'TI2341', 70000, '2015-12-08', '13:00:00', 'Sudah', 18, 4, 1, 'PRJ0005', 'AST0002', '1', 'A', 'Disetujui'),
(229, 'DFTR1220150092', 'TI2342', 70000, '2015-12-08', '13:00:00', 'Sudah', 17, 3, 2, 'PRJ0003', 'AST0003', '1', 'B', 'Disetujui'),
(230, 'DFTR1220150093', 'TI2341', 70000, '2015-12-08', '13:00:00', 'Sudah', 10, 1, 2, 'PRJ0004', 'AST0002', '1', 'A', 'Disetujui'),
(231, 'DFTR1220150093', 'TI2342', 70000, '2015-12-08', '13:00:00', 'Sudah', 10, 1, 2, 'PRJ0006', 'AST0003', '1', 'B', 'Disetujui'),
(232, 'DFTR1220150093', 'TI3346', 70000, '2015-12-08', '13:00:00', 'Sudah', 10, 1, 2, 'PRJ0007', 'AST0004', '1', 'A', 'Disetujui'),
(233, 'DFTR1220150094', 'TI2341', 70000, '2015-12-08', '13:00:00', 'Sudah', 10, 1, 2, 'PRJ0004', 'AST0002', '1', 'A', 'Disetujui'),
(234, 'DFTR1220150094', 'TI2342', 70000, '2015-12-08', '13:00:00', 'Sudah', 10, 1, 2, 'PRJ0006', 'AST0003', '1', 'B', 'Disetujui'),
(235, 'DFTR1220150095', 'TI2341', 70000, '2015-12-08', '13:00:00', 'Sudah', 10, 1, 2, 'PRJ0004', 'AST0002', '1', 'A', 'Disetujui'),
(236, 'DFTR1220150095', 'TI2342', 70000, '2015-12-08', '13:00:00', 'Sudah', 10, 1, 2, 'PRJ0006', 'AST0003', '1', 'B', 'Disetujui'),
(237, 'DFTR1220150096', 'TI2341', 70000, '2015-12-08', '13:00:00', 'Sudah', 18, 4, 1, 'PRJ0005', 'AST0002', '1', 'A', 'Disetujui'),
(238, 'DFTR1220150096', 'TI2342', 70000, '2015-12-08', '13:00:00', 'Belum', 17, 3, 2, 'PRJ0003', 'AST0003', '1', 'D', 'Disetujui'),
(239, 'DFTR1220150097', 'TI2341', 70000, '2015-12-08', '13:00:00', 'Sudah', 10, 1, 2, 'PRJ0004', 'AST0002', '1', 'B', 'Disetujui'),
(240, 'DFTR1220150097', 'TI2342', 70000, '2015-12-08', '13:00:00', 'Belum', 10, 1, 2, 'PRJ0006', 'AST0003', '1', 'D', 'Disetujui'),
(241, 'DFTR1220150098', 'TI2341', 70000, '2015-12-08', '13:00:00', 'Sudah', 18, 4, 1, 'PRJ0005', 'AST0002', '1', 'A', 'Disetujui'),
(242, 'DFTR1220150098', 'TI2342', 70000, '2015-12-08', '13:00:00', 'Sudah', 17, 3, 2, 'PRJ0003', 'AST0003', '1', 'A', 'Disetujui'),
(243, 'DFTR1220150099', 'TI2341', 70000, '2015-12-08', '13:00:00', 'Sudah', 18, 4, 1, 'PRJ0005', 'AST0002', '1', 'C', 'Disetujui'),
(244, 'DFTR1220150099', 'TI2342', 70000, '2015-12-08', '13:00:00', 'Sudah', 17, 3, 2, 'PRJ0003', 'AST0003', '1', 'C', 'Disetujui'),
(245, 'DFTR1220150100', 'TI2341', 70000, '2015-12-08', '13:00:00', 'Sudah', 10, 1, 2, 'PRJ0004', 'AST0002', '1', 'A', 'Disetujui'),
(246, 'DFTR1220150100', 'TI2342', 70000, '2015-12-08', '13:00:00', 'Sudah', 10, 1, 2, 'PRJ0006', 'AST0003', '1', 'A', 'Disetujui'),
(247, 'DFTR1220150101', 'TI2341', 70000, '2015-12-08', '13:00:00', 'Sudah', 10, 1, 2, 'PRJ0004', 'AST0002', '1', 'A', 'Disetujui'),
(248, 'DFTR1220150101', 'TI2342', 70000, '2015-12-08', '13:00:00', 'Sudah', 10, 1, 2, 'PRJ0006', 'AST0003', '1', 'B', 'Disetujui'),
(249, 'DFTR1220150102', 'TI2341', 70000, '2015-12-08', '13:00:00', 'Sudah', 10, 1, 2, 'PRJ0004', 'AST0002', '1', 'A', 'Disetujui'),
(250, 'DFTR1220150102', 'TI2342', 70000, '2015-12-08', '13:00:00', 'Sudah', 10, 1, 2, 'PRJ0006', 'AST0003', '1', 'A', 'Disetujui'),
(251, 'DFTR1220150103', 'TI2341', 70000, '2015-12-08', '13:00:00', 'Sudah', 10, 1, 2, 'PRJ0004', 'AST0002', '1', 'A', 'Disetujui'),
(252, 'DFTR1220150103', 'TI2342', 70000, '2015-12-08', '13:00:00', 'Sudah', 10, 1, 2, 'PRJ0006', 'AST0003', '1', 'B', 'Disetujui'),
(253, 'DFTR1220150104', 'TI2341', 70000, '2015-12-08', '13:00:00', 'Sudah', 10, 1, 2, 'PRJ0004', 'AST0002', '1', 'A', 'Disetujui'),
(254, 'DFTR1220150104', 'TI2342', 70000, '2015-12-08', '13:00:00', 'Sudah', 10, 1, 2, 'PRJ0006', 'AST0003', '1', 'B', 'Disetujui'),
(255, 'DFTR1220150104', 'TI3346', 70000, '2015-12-08', '13:00:00', 'Sudah', 10, 1, 2, 'PRJ0007', 'AST0004', '1', 'B', 'Disetujui'),
(256, 'DFTR1220150105', 'TI2341', 70000, '2015-12-08', '13:00:00', 'Sudah', 10, 1, 2, 'PRJ0004', 'AST0002', '1', 'A', 'Disetujui'),
(257, 'DFTR1220150105', 'TI3346', 70000, '2015-12-08', '13:00:00', 'Sudah', 10, 1, 2, 'PRJ0007', 'AST0004', '1', 'B', 'Disetujui'),
(258, 'DFTR1220150106', 'TI2341', 70000, '2015-12-08', '13:00:00', 'Sudah', 10, 1, 2, 'PRJ0004', 'AST0002', '1', 'A', 'Disetujui'),
(259, 'DFTR1220150106', 'TI2342', 70000, '2015-12-08', '13:00:00', 'Sudah', 10, 1, 2, 'PRJ0006', 'AST0003', '1', 'B', 'Disetujui'),
(260, 'DFTR1220150106', 'TI3346', 70000, '2015-12-08', '13:00:00', 'Sudah', 10, 1, 2, 'PRJ0007', 'AST0004', '1', 'A', 'Disetujui'),
(261, 'DFTR1220150107', 'TI2341', 70000, '2015-12-08', '13:00:00', 'Belum', 18, 4, 1, 'PRJ0005', 'AST0002', '1', 'D', 'Disetujui'),
(262, 'DFTR1220150107', 'TI2342', 70000, '2015-12-08', '13:00:00', 'Belum', 17, 3, 2, 'PRJ0003', 'AST0003', '1', 'D', 'Disetujui'),
(263, 'DFTR1220150108', 'TI2341', 70000, '2015-12-08', '13:00:00', 'Sudah', 17, 3, 2, 'PRJ0005', 'AST0002', '1', 'A', 'Disetujui'),
(264, 'DFTR1220150108', 'TI2342', 70000, '2015-12-08', '13:00:00', 'Sudah', 16, 3, 1, 'PRJ0003', 'AST0003', '1', 'B', 'Disetujui'),
(265, 'DFTR1220150109', 'TI2341', 70000, '2015-12-08', '13:00:00', 'Sudah', 10, 1, 2, 'PRJ0004', 'AST0002', '1', 'A', 'Disetujui'),
(266, 'DFTR1220150109', 'TI2342', 70000, '2015-12-08', '13:00:00', 'Sudah', 10, 1, 2, 'PRJ0006', 'AST0003', '1', 'A', 'Disetujui'),
(267, 'DFTR1220150109', 'TI3346', 70000, '2015-12-08', '13:00:00', 'Sudah', 15, 2, 1, 'PRJ0007', 'AST0004', '1', 'B', 'Disetujui'),
(268, 'DFTR1220150110', 'TI2341', 70000, '2015-12-08', '13:00:00', 'Sudah', 18, 4, 1, 'PRJ0005', 'AST0002', '1', 'B', 'Disetujui'),
(269, 'DFTR1220150110', 'TI2342', 70000, '2015-12-08', '13:00:00', 'Sudah', 18, 4, 1, 'PRJ0003', 'AST0003', '1', 'D', 'Disetujui'),
(270, 'DFTR1220150111', 'TI2341', 70000, '2015-12-08', '13:00:00', 'Sudah', 10, 1, 2, 'PRJ0004', 'AST0002', '1', 'A', 'Disetujui'),
(271, 'DFTR1220150111', 'TI2342', 70000, '2015-12-08', '13:00:00', 'Sudah', 10, 1, 2, 'PRJ0006', 'AST0003', '1', 'B', 'Disetujui'),
(272, 'DFTR1220150111', 'TI3343', 70000, '2015-12-08', '13:00:00', 'Sudah', 10, 1, 2, 'PRJ0009', 'AST0005', '1', 'A', 'Disetujui'),
(273, 'DFTR1220150112', 'TI2341', 70000, '2015-12-08', '13:00:00', 'Sudah', 18, 4, 1, 'PRJ0005', 'AST0002', '1', 'A', 'Disetujui'),
(274, 'DFTR1220150112', 'TI2342', 70000, '2015-12-08', '13:00:00', 'Sudah', 18, 4, 1, 'PRJ0003', 'AST0003', '1', 'B', 'Disetujui'),
(275, 'DFTR1220150112', 'TI3343', 70000, '2015-12-08', '13:00:00', 'Sudah', 17, 4, 1, 'PRJ0003', 'AST0005', '1', 'B', 'Disetujui'),
(276, 'DFTR1220150113', 'TI2341', 70000, '2015-12-08', '13:00:00', 'Sudah', 18, 4, 1, 'PRJ0005', 'AST0002', '1', 'D', 'Disetujui'),
(277, 'DFTR1220150113', 'TI2342', 70000, '2015-12-08', '13:00:00', 'Sudah', 18, 4, 1, 'PRJ0003', 'AST0003', '1', 'D', 'Disetujui'),
(278, 'DFTR1220150114', 'TI2341', 70000, '2015-12-08', '13:00:00', 'Sudah', 15, 2, 1, 'PRJ0004', 'AST0002', '1', 'A', 'Disetujui'),
(279, 'DFTR1220150114', 'TI2342', 70000, '2015-12-08', '13:00:00', 'Sudah', 15, 2, 1, 'PRJ0006', 'AST0003', '1', 'A', 'Disetujui'),
(280, 'DFTR1220150114', 'TI3346', 70000, '2015-12-08', '13:00:00', 'Sudah', 15, 2, 1, 'PRJ0007', 'AST0004', '1', 'B', 'Disetujui'),
(281, 'DFTR1220150114', 'TI3343', 70000, '2015-12-08', '13:00:00', 'Sudah', 10, 1, 2, 'PRJ0009', 'AST0005', '1', 'B', 'Disetujui'),
(282, 'DFTR1220150115', 'TI2341', 70000, '2015-12-08', '13:00:00', 'Sudah', 19, 4, 2, 'PRJ0005', 'AST0002', '1', 'A', 'Disetujui'),
(283, 'DFTR1220150115', 'TI2342', 70000, '2015-12-08', '13:00:00', 'Sudah', 18, 4, 1, 'PRJ0003', 'AST0003', '1', 'B', 'Disetujui'),
(284, 'DFTR1220150116', 'TI2341', 70000, '2015-12-08', '13:00:00', 'Sudah', 19, 4, 2, 'PRJ0005', 'AST0002', '1', 'A', 'Disetujui'),
(285, 'DFTR1220150116', 'TI2342', 70000, '2015-12-08', '13:00:00', 'Sudah', 18, 4, 1, 'PRJ0003', 'AST0003', '1', 'B', 'Disetujui'),
(286, 'DFTR1220150117', 'TI2341', 70000, '2015-12-08', '13:00:00', 'Sudah', 19, 4, 2, 'PRJ0005', 'AST0002', '1', 'A', 'Disetujui'),
(287, 'DFTR1220150117', 'TI2342', 70000, '2015-12-08', '13:00:00', 'Sudah', 18, 4, 1, 'PRJ0003', 'AST0003', '1', 'B', 'Disetujui'),
(288, 'DFTR1220150118', 'TI2341', 70000, '2015-12-08', '13:00:00', 'Sudah', 15, 2, 1, 'PRJ0004', 'AST0002', '1', 'A', 'Disetujui'),
(289, 'DFTR1220150118', 'TI2342', 70000, '2015-12-08', '13:00:00', 'Sudah', 15, 2, 1, 'PRJ0006', 'AST0003', '1', 'A', 'Disetujui'),
(290, 'DFTR1220150118', 'TI3346', 70000, '2015-12-08', '13:00:00', 'Sudah', 15, 2, 1, 'PRJ0007', 'AST0004', '1', 'A', 'Disetujui'),
(291, 'DFTR1220150118', 'TI3343', 70000, '2015-12-08', '13:00:00', 'Sudah', 10, 1, 2, 'PRJ0009', 'AST0005', '1', 'B', 'Disetujui'),
(292, 'DFTR1220150119', 'TI2341', 70000, '2015-12-08', '13:00:00', 'Sudah', 19, 4, 2, 'PRJ0005', 'AST0002', '1', 'A', 'Disetujui'),
(293, 'DFTR1220150119', 'TI2342', 70000, '2015-12-08', '13:00:00', 'Sudah', 18, 4, 1, 'PRJ0003', 'AST0003', '1', 'B', 'Disetujui'),
(294, 'DFTR1220150120', 'TI2341', 70000, '2015-12-08', '13:00:00', 'Sudah', 15, 2, 1, 'PRJ0004', 'AST0002', '1', 'A', 'Disetujui'),
(295, 'DFTR1220150120', 'TI2342', 70000, '2015-12-08', '13:00:00', 'Sudah', 15, 2, 1, 'PRJ0006', 'AST0003', '1', 'A', 'Disetujui'),
(296, 'DFTR1220150120', 'TI3346', 70000, '2015-12-08', '13:00:00', 'Sudah', 15, 2, 1, 'PRJ0007', 'AST0004', '1', 'A', 'Disetujui'),
(297, 'DFTR1220150120', 'TI3343', 70000, '2015-12-08', '13:00:00', 'Sudah', 10, 1, 2, 'PRJ0009', 'AST0005', '1', 'A', 'Disetujui'),
(298, 'DFTR1220150121', 'TI2341', 70000, '2015-12-08', '13:00:00', 'Sudah', 19, 4, 2, 'PRJ0005', 'AST0002', '1', 'A', 'Disetujui'),
(299, 'DFTR1220150121', 'TI2342', 70000, '2015-12-08', '13:00:00', 'Sudah', 18, 4, 1, 'PRJ0003', 'AST0003', '1', 'B', 'Disetujui'),
(300, 'DFTR1220150121', 'TI3346', 70000, '2015-12-08', '13:00:00', 'Sudah', 17, 3, 2, 'PRJ0008', 'AST0004', '1', 'A', 'Disetujui'),
(301, 'DFTR1220150121', 'TI3343', 70000, '2015-12-08', '13:00:00', 'Sudah', 17, 4, 1, 'PRJ0003', 'AST0005', '1', 'A', 'Disetujui'),
(302, 'DFTR1220150122', 'TI2341', 70000, '2015-12-08', '13:00:00', 'Sudah', 15, 2, 1, 'PRJ0004', 'AST0002', '1', 'D', 'Disetujui'),
(303, 'DFTR1220150122', 'TI2342', 70000, '2015-12-08', '13:00:00', 'Belum', 15, 2, 1, 'PRJ0006', 'AST0003', '1', 'D', 'Disetujui'),
(304, 'DFTR1220150123', 'TI2341', 70000, '2015-12-08', '13:00:00', 'Sudah', 19, 4, 2, 'PRJ0005', 'AST0002', '1', 'A', 'Disetujui'),
(305, 'DFTR1220150123', 'TI2342', 70000, '2015-12-08', '13:00:00', 'Sudah', 18, 4, 1, 'PRJ0003', 'AST0003', '1', 'B', 'Disetujui'),
(306, 'DFTR1220150123', 'TI3346', 70000, '2015-12-08', '13:00:00', 'Sudah', 17, 3, 2, 'PRJ0008', 'AST0004', '1', 'A', 'Disetujui'),
(307, 'DFTR1220150123', 'TI3343', 70000, '2015-12-08', '13:00:00', 'Sudah', 17, 4, 1, 'PRJ0003', 'AST0005', '1', 'B', 'Disetujui'),
(308, 'DFTR1220150124', 'TI2341', 70000, '2015-12-08', '13:00:00', 'Sudah', 15, 2, 1, 'PRJ0004', 'AST0002', '1', 'A', 'Disetujui'),
(309, 'DFTR1220150124', 'TI2342', 70000, '2015-12-08', '13:00:00', 'Sudah', 15, 2, 1, 'PRJ0006', 'AST0003', '1', 'A', 'Disetujui'),
(310, 'DFTR1220150124', 'TI3346', 70000, '2015-12-08', '13:00:00', 'Sudah', 15, 2, 1, 'PRJ0007', 'AST0004', '1', 'A', 'Disetujui'),
(311, 'DFTR1220150125', 'TI2341', 70000, '2015-12-08', '13:00:00', 'Sudah', 15, 2, 1, 'PRJ0004', 'AST0002', '1', 'A', 'Disetujui'),
(312, 'DFTR1220150125', 'TI2342', 70000, '2015-12-08', '13:00:00', 'Sudah', 15, 2, 1, 'PRJ0006', 'AST0003', '1', 'B', 'Disetujui'),
(313, 'DFTR1220150125', 'TI3346', 70000, '2015-12-08', '13:00:00', 'Sudah', 15, 2, 1, 'PRJ0007', 'AST0004', '1', 'A', 'Disetujui'),
(314, 'DFTR1220150125', 'TI3343', 70000, '2015-12-08', '13:00:00', 'Sudah', 10, 1, 2, 'PRJ0009', 'AST0005', '1', 'B', 'Disetujui'),
(315, 'DFTR1220150126', 'TI2341', 70000, '2015-12-08', '13:00:00', 'Sudah', 19, 4, 2, 'PRJ0005', 'AST0002', '1', 'A', 'Disetujui'),
(316, 'DFTR1220150126', 'TI2342', 70000, '2015-12-08', '13:00:00', 'Sudah', 18, 4, 1, 'PRJ0003', 'AST0003', '1', 'B', 'Disetujui'),
(317, 'DFTR1220150127', 'TI2341', 70000, '2015-12-08', '13:00:00', 'Sudah', 19, 4, 2, 'PRJ0005', 'AST0002', '1', 'A', 'Disetujui'),
(318, 'DFTR1220150127', 'TI2342', 70000, '2015-12-08', '13:00:00', 'Sudah', 18, 4, 1, 'PRJ0003', 'AST0003', '1', 'A', 'Disetujui'),
(319, 'DFTR1220150128', 'TI2341', 70000, '2015-12-08', '13:00:00', 'Sudah', 15, 2, 1, 'PRJ0004', 'AST0002', '1', 'A', 'Disetujui'),
(320, 'DFTR1220150128', 'TI2342', 70000, '2015-12-08', '13:00:00', 'Sudah', 15, 2, 1, 'PRJ0006', 'AST0003', '1', 'A', 'Disetujui'),
(321, 'DFTR1220150128', 'TI3346', 70000, '2015-12-08', '13:00:00', 'Sudah', 15, 2, 1, 'PRJ0007', 'AST0004', '1', 'A', 'Disetujui'),
(322, 'DFTR1220150129', 'TI2341', 70000, '2015-12-08', '13:00:00', 'Sudah', 15, 2, 1, 'PRJ0004', 'AST0002', '1', 'A', 'Disetujui'),
(323, 'DFTR1220150129', 'TI2342', 70000, '2015-12-08', '13:00:00', 'Sudah', 15, 2, 1, 'PRJ0006', 'AST0003', '1', 'A', 'Disetujui'),
(324, 'DFTR1220150129', 'TI3343', 70000, '2015-12-08', '13:00:00', 'Sudah', 10, 1, 2, 'PRJ0009', 'AST0005', '1', 'B', 'Disetujui'),
(325, 'DFTR1220150130', 'TI2341', 70000, '2015-12-08', '13:00:00', 'Sudah', 15, 2, 1, 'PRJ0004', 'AST0002', '1', 'A', 'Disetujui'),
(326, 'DFTR1220150130', 'TI2342', 70000, '2015-12-08', '13:00:00', 'Sudah', 15, 2, 1, 'PRJ0006', 'AST0003', '1', 'A', 'Disetujui'),
(327, 'DFTR1220150130', 'TI3346', 70000, '2015-12-08', '13:00:00', 'Sudah', 15, 2, 1, 'PRJ0007', 'AST0004', '1', 'B', 'Disetujui'),
(328, 'DFTR1220150131', 'TI2341', 70000, '2015-12-08', '13:00:00', 'Sudah', 15, 2, 1, 'PRJ0004', 'AST0002', '1', 'A', 'Disetujui'),
(329, 'DFTR1220150131', 'TI2342', 70000, '2015-12-08', '13:00:00', 'Sudah', 15, 2, 1, 'PRJ0006', 'AST0003', '1', 'A', 'Disetujui'),
(330, 'DFTR1220150131', 'TI3346', 70000, '2015-12-08', '13:00:00', 'Sudah', 15, 2, 1, 'PRJ0007', 'AST0004', '1', 'A', 'Disetujui'),
(331, 'DFTR1220150132', 'TI2341', 70000, '2015-12-08', '13:00:00', 'Sudah', 19, 4, 2, 'PRJ0005', 'AST0002', '1', 'A', 'Disetujui'),
(332, 'DFTR1220150132', 'TI2342', 70000, '2015-12-08', '13:00:00', 'Sudah', 18, 4, 1, 'PRJ0003', 'AST0003', '1', 'B', 'Disetujui'),
(333, 'DFTR1220150132', 'TI3346', 70000, '2015-12-08', '13:00:00', 'Sudah', 17, 3, 2, 'PRJ0008', 'AST0004', '1', 'A', 'Disetujui'),
(334, 'DFTR1220150132', 'TI3343', 70000, '2015-12-08', '13:00:00', 'Sudah', 17, 4, 1, 'PRJ0003', 'AST0005', '1', 'B', 'Disetujui'),
(335, 'DFTR1220150133', 'TI2341', 70000, '2015-12-08', '13:00:00', 'Sudah', 19, 4, 2, 'PRJ0005', 'AST0002', '1', 'A', 'Disetujui'),
(336, 'DFTR1220150133', 'TI2342', 70000, '2015-12-08', '13:00:00', 'Sudah', 18, 4, 1, 'PRJ0003', 'AST0003', '1', 'B', 'Disetujui'),
(337, 'DFTR1220150133', 'TI3346', 70000, '2015-12-08', '13:00:00', 'Sudah', 17, 3, 2, 'PRJ0008', 'AST0004', '1', 'D', 'Disetujui'),
(338, 'DFTR1220150133', 'TI3343', 70000, '2015-12-08', '13:00:00', 'Sudah', 17, 4, 1, 'PRJ0003', 'AST0005', '1', 'A', 'Disetujui'),
(339, 'DFTR1220150134', 'TI2341', 70000, '2015-12-08', '13:00:00', 'Sudah', 15, 2, 1, 'PRJ0004', 'AST0002', '1', 'A', 'Disetujui'),
(340, 'DFTR1220150134', 'TI2342', 70000, '2015-12-08', '13:00:00', 'Sudah', 15, 2, 1, 'PRJ0006', 'AST0003', '1', 'A', 'Disetujui'),
(341, 'DFTR1220150134', 'TI3346', 70000, '2015-12-08', '13:00:00', 'Sudah', 15, 2, 1, 'PRJ0007', 'AST0004', '1', 'A', 'Disetujui'),
(342, 'DFTR1220150135', 'TI2341', 70000, '2015-12-08', '13:00:00', 'Sudah', 19, 4, 2, 'PRJ0005', 'AST0002', '1', 'A', 'Disetujui'),
(343, 'DFTR1220150135', 'TI2342', 70000, '2015-12-08', '13:00:00', 'Sudah', 18, 4, 1, 'PRJ0003', 'AST0003', '1', 'B', 'Disetujui'),
(344, 'DFTR1220150136', 'TI2341', 70000, '2015-12-08', '13:00:00', 'Sudah', 15, 2, 1, 'PRJ0004', 'AST0002', '1', 'A', 'Disetujui'),
(345, 'DFTR1220150136', 'TI2342', 70000, '2015-12-08', '13:00:00', 'Sudah', 15, 2, 1, 'PRJ0006', 'AST0003', '1', 'B', 'Disetujui'),
(346, 'DFTR1220150136', 'TI3346', 70000, '2015-12-08', '13:00:00', 'Sudah', 15, 2, 1, 'PRJ0007', 'AST0004', '1', 'A', 'Disetujui'),
(347, 'DFTR1220150137', 'TI2341', 70000, '2015-12-08', '13:00:00', 'Sudah', 19, 4, 2, 'PRJ0005', 'AST0002', '1', 'A', 'Disetujui'),
(348, 'DFTR1220150137', 'TI2342', 70000, '2015-12-08', '13:00:00', 'Sudah', 18, 4, 1, 'PRJ0003', 'AST0003', '1', 'B', 'Disetujui'),
(349, 'DFTR1220150138', 'TI3346', 70000, '2015-12-08', '13:00:00', 'Sudah', 15, 2, 1, 'PRJ0007', 'AST0004', '1', 'A', 'Disetujui'),
(350, 'DFTR1220150138', 'TI3343', 70000, '2015-12-08', '13:00:00', 'Sudah', 10, 1, 2, 'PRJ0009', 'AST0005', '1', 'A', 'Disetujui'),
(351, 'DFTR1220150139', 'TI2341', 70000, '2015-12-08', '13:00:00', 'Sudah', 19, 4, 2, 'PRJ0005', 'AST0002', '1', 'A', 'Disetujui'),
(352, 'DFTR1220150139', 'TI2342', 70000, '2015-12-08', '13:00:00', 'Sudah', 18, 4, 1, 'PRJ0003', 'AST0003', '1', 'B', 'Disetujui'),
(353, 'DFTR1220150140', 'TI2341', 70000, '2015-12-08', '13:00:00', 'Sudah', 15, 2, 1, 'PRJ0004', 'AST0002', '1', 'A', 'Disetujui'),
(354, 'DFTR1220150140', 'TI2342', 70000, '2015-12-08', '13:00:00', 'Sudah', 15, 2, 1, 'PRJ0006', 'AST0003', '1', 'B', 'Disetujui'),
(355, 'DFTR1220150141', 'TI2341', 70000, '2015-12-08', '13:00:00', 'Sudah', 15, 2, 1, 'PRJ0004', 'AST0002', '1', 'D', 'Disetujui'),
(356, 'DFTR1220150141', 'TI2342', 70000, '2015-12-08', '13:00:00', 'Belum', 15, 2, 1, 'PRJ0006', 'AST0003', '1', 'D', 'Disetujui'),
(357, 'DFTR1220150142', 'TI1340', 70000, '2015-12-08', '13:00:00', 'Belum', 9, 1, 1, 'PRJ0003', 'AST0001', '1', 'D', 'Disetujui'),
(358, 'DFTR1220150142', 'TI2342', 70000, '2015-12-08', '13:00:00', 'Belum', 15, 2, 1, 'PRJ0006', 'AST0003', '1', 'D', 'Disetujui'),
(359, 'DFTR1220150142', 'TI3346', 70000, '2015-12-08', '13:00:00', 'Sudah', 15, 2, 1, 'PRJ0007', 'AST0004', '1', 'D', 'Disetujui'),
(360, 'DFTR1220150143', 'TI2341', 70000, '2015-12-08', '13:00:00', 'Sudah', 19, 4, 2, 'PRJ0005', 'AST0002', '1', 'D', 'Disetujui'),
(361, 'DFTR1220150143', 'TI2342', 70000, '2015-12-08', '13:00:00', 'Sudah', 18, 4, 1, 'PRJ0003', 'AST0003', '1', 'C', 'Disetujui'),
(362, 'DFTR1220150143', 'TI3346', 70000, '2015-12-08', '13:00:00', 'Sudah', 17, 3, 2, 'PRJ0008', 'AST0004', '1', 'B', 'Disetujui'),
(363, 'DFTR1220150144', 'TI1340', 70000, '2015-12-08', '13:00:00', 'Belum', 9, 1, 1, 'PRJ0003', 'AST0001', '1', 'D', 'Disetujui'),
(364, 'DFTR1220150145', 'TI1340', 70000, '2015-12-08', '13:00:00', 'Belum', 15, 3, 1, 'PRJ0002', 'AST0001', '1', 'A', 'Disetujui'),
(365, 'DFTR1220150146', 'TI1340', 70000, '2015-12-08', '13:00:00', 'Belum', 9, 1, 1, 'PRJ0003', 'AST0001', '1', 'B', 'Disetujui'),
(366, 'DFTR1220150147', 'TI1340', 70000, '2015-12-08', '13:00:00', 'Belum', 9, 1, 1, 'PRJ0003', 'AST0001', '1', 'A', 'Disetujui'),
(367, 'DFTR1220150148', 'TI1340', 70000, '2015-12-08', '13:00:00', 'Belum', 17, 4, 1, 'PRJ0002', 'AST0001', '1', 'A', 'Disetujui'),
(368, 'DFTR1220150149', 'TI1340', 70000, '2015-12-08', '13:00:00', 'Belum', 15, 3, 1, 'PRJ0002', 'AST0001', '1', 'A', 'Disetujui'),
(369, 'DFTR1220150150', 'TI1340', 70000, '2015-12-08', '13:00:00', 'Belum', 15, 3, 1, 'PRJ0002', 'AST0001', '1', 'B', 'Disetujui'),
(370, 'DFTR1220150151', 'TI1340', 70000, '2015-12-08', '13:00:00', 'Belum', 9, 1, 1, 'PRJ0003', 'AST0001', '1', 'B', 'Disetujui'),
(371, 'DFTR1220150152', 'TI1340', 70000, '2015-12-08', '13:00:00', 'Belum', 9, 1, 1, 'PRJ0003', 'AST0001', '1', 'A', 'Disetujui'),
(372, 'DFTR1220150153', 'TI1340', 70000, '2015-12-08', '13:00:00', 'Belum', 15, 3, 1, 'PRJ0002', 'AST0001', '1', 'B', 'Disetujui'),
(373, 'DFTR1220150154', 'TI1340', 70000, '2015-12-08', '13:00:00', 'Belum', 15, 3, 1, 'PRJ0002', 'AST0001', '1', 'A', 'Disetujui'),
(374, 'DFTR1220150155', 'TI1340', 70000, '2015-12-08', '13:00:00', 'Belum', 15, 3, 1, 'PRJ0002', 'AST0001', '1', 'B', 'Disetujui'),
(375, 'DFTR1220150156', 'TI1340', 70000, '2015-12-08', '13:00:00', 'Belum', 15, 3, 1, 'PRJ0002', 'AST0001', '1', 'A', 'Disetujui'),
(376, 'DFTR1220150157', 'TI1340', 70000, '2015-12-08', '13:00:00', 'Belum', 17, 4, 1, 'PRJ0002', 'AST0001', '1', 'A', 'Disetujui'),
(377, 'DFTR1220150158', 'TI1340', 70000, '2015-12-08', '13:00:00', 'Belum', 15, 3, 1, 'PRJ0002', 'AST0001', '1', 'A', 'Disetujui'),
(378, 'DFTR1220150159', 'TI1340', 70000, '2015-12-08', '13:00:00', 'Belum', 9, 1, 1, 'PRJ0003', 'AST0001', '1', 'B', 'Disetujui'),
(379, 'DFTR1220150160', 'TI1340', 70000, '2015-12-08', '13:00:00', 'Belum', 15, 3, 1, 'PRJ0002', 'AST0001', '1', 'B', 'Disetujui'),
(380, 'DFTR1220150161', 'TI1340', 70000, '2015-12-08', '13:00:00', 'Belum', 15, 3, 1, 'PRJ0002', 'AST0001', '1', 'B', 'Disetujui'),
(381, 'DFTR1220150162', 'TI1340', 70000, '2015-12-08', '13:00:00', 'Belum', 9, 1, 1, 'PRJ0003', 'AST0001', '1', 'B', 'Disetujui'),
(382, 'DFTR1220150163', 'TI1340', 70000, '2015-12-08', '13:00:00', 'Belum', 17, 4, 1, 'PRJ0002', 'AST0001', '1', 'A', 'Disetujui'),
(383, 'DFTR1220150164', 'TI1340', 70000, '2015-12-08', '13:00:00', 'Belum', 15, 3, 1, 'PRJ0002', 'AST0001', '1', 'B', 'Disetujui'),
(384, 'DFTR1220150165', 'TI1340', 70000, '2015-12-08', '13:00:00', 'Belum', 15, 3, 1, 'PRJ0002', 'AST0001', '1', 'B', 'Disetujui'),
(385, 'DFTR1220150166', 'TI1340', 70000, '2015-12-08', '13:00:00', 'Belum', 9, 1, 1, 'PRJ0003', 'AST0001', '1', 'B', 'Disetujui'),
(386, 'DFTR1220150167', 'TI1340', 70000, '2015-12-08', '13:00:00', 'Belum', 9, 1, 1, 'PRJ0003', 'AST0001', '1', 'B', 'Disetujui');
INSERT INTO `detail_pendaftaran` (`id_detailpendaftaran`, `fk_kodedaftar`, `fk_jenis_praktikum`, `biaya_bayar`, `tgl_daftar_detail`, `jam_daftar_detail`, `status_praktikum`, `id_kelompok`, `id_jam_prak`, `id_lab`, `id_pngjar`, `id_asisten`, `status_kelompok`, `nilai_akhir`, `persetujuan`) VALUES
(387, 'DFTR1220150168', 'TI1340', 70000, '2015-12-08', '13:00:00', 'Belum', 15, 3, 1, 'PRJ0002', 'AST0001', '1', 'A', 'Disetujui'),
(388, 'DFTR1220150169', 'TI1340', 70000, '2015-12-08', '13:00:00', 'Belum', 15, 3, 1, 'PRJ0002', 'AST0001', '1', 'B', 'Disetujui'),
(389, 'DFTR1220150170', 'TI1340', 70000, '2015-12-08', '13:00:00', 'Belum', 9, 1, 1, 'PRJ0003', 'AST0001', '1', 'B', 'Disetujui'),
(390, 'DFTR1220150171', 'TI1340', 70000, '2015-12-08', '13:00:00', 'Belum', 9, 1, 1, 'PRJ0003', 'AST0001', '1', 'B', 'Disetujui'),
(391, 'DFTR1220150172', 'TI1340', 70000, '2015-12-08', '13:00:00', 'Belum', 16, 3, 2, 'PRJ0002', 'AST0001', '1', 'B', 'Disetujui'),
(392, 'DFTR1220150173', 'TI1340', 70000, '2015-12-08', '13:00:00', 'Belum', 9, 1, 1, 'PRJ0003', 'AST0001', '1', 'B', 'Disetujui'),
(393, 'DFTR1220150174', 'TI1340', 70000, '2015-12-08', '13:00:00', 'Belum', 9, 1, 1, 'PRJ0003', 'AST0001', '1', 'A', 'Disetujui'),
(394, 'DFTR1220150175', 'TI1340', 70000, '2015-12-08', '13:00:00', 'Belum', 9, 1, 1, 'PRJ0003', 'AST0001', '1', 'B', 'Disetujui'),
(395, 'DFTR1220150176', 'TI1340', 70000, '2015-12-08', '13:00:00', 'Belum', 9, 1, 1, 'PRJ0003', 'AST0001', '1', 'B', 'Disetujui'),
(396, 'DFTR1220150177', 'TI1340', 70000, '2015-12-08', '13:00:00', 'Belum', 10, 1, 2, 'PRJ0003', 'AST0001', '1', 'B', 'Disetujui'),
(397, 'DFTR1220150178', 'TI1340', 70000, '2015-12-08', '13:00:00', 'Belum', 10, 1, 2, 'PRJ0003', 'AST0001', '1', 'A', 'Disetujui'),
(398, 'DFTR1220150179', 'TI1340', 70000, '2015-12-08', '13:00:00', 'Belum', 16, 3, 2, 'PRJ0002', 'AST0001', '1', 'D', 'Disetujui'),
(399, 'DFTR1220150180', 'TI1340', 70000, '2015-12-08', '13:00:00', 'Belum', 10, 1, 2, 'PRJ0003', 'AST0001', '1', 'A', 'Disetujui'),
(400, 'DFTR1220150181', 'TI1340', 70000, '2015-12-08', '13:00:00', 'Belum', 16, 3, 2, 'PRJ0002', 'AST0001', '1', 'A', 'Disetujui'),
(401, 'DFTR1220150182', 'TI1340', 70000, '2015-12-08', '13:00:00', 'Belum', 16, 3, 2, 'PRJ0002', 'AST0001', '1', 'B', 'Disetujui'),
(402, 'DFTR1220150183', 'TI1340', 70000, '2015-12-08', '13:00:00', 'Belum', 10, 1, 2, 'PRJ0003', 'AST0001', '1', 'B', 'Disetujui'),
(403, 'DFTR1220150184', 'TI1340', 70000, '2015-12-08', '13:00:00', 'Belum', 10, 1, 2, 'PRJ0003', 'AST0001', '1', 'B', 'Disetujui'),
(404, 'DFTR1220150185', 'TI1340', 70000, '2015-12-08', '13:00:00', 'Belum', 16, 3, 2, 'PRJ0002', 'AST0001', '1', 'A', 'Disetujui'),
(405, 'DFTR1220150186', 'TI1340', 70000, '2015-12-08', '13:00:00', 'Belum', 16, 3, 2, 'PRJ0002', 'AST0001', '1', 'A', 'Disetujui'),
(406, 'DFTR1220150187', 'TI1340', 70000, '2015-12-08', '13:00:00', 'Belum', 10, 1, 2, 'PRJ0003', 'AST0001', '1', 'B', 'Disetujui'),
(407, 'DFTR1220150188', 'TI1340', 70000, '2015-12-08', '13:00:00', 'Belum', 10, 1, 2, 'PRJ0003', 'AST0001', '1', 'B', 'Disetujui'),
(408, 'DFTR1220150189', 'TI1340', 70000, '2015-12-08', '13:00:00', 'Belum', 16, 3, 2, 'PRJ0002', 'AST0001', '1', 'B', 'Disetujui'),
(409, 'DFTR1220150190', 'TI1340', 70000, '2015-12-08', '13:00:00', 'Belum', 10, 1, 2, 'PRJ0003', 'AST0001', '1', 'B', 'Disetujui'),
(410, 'DFTR1220150191', 'TI1340', 70000, '2015-12-08', '13:00:00', 'Belum', 16, 3, 2, 'PRJ0002', 'AST0001', '1', 'A', 'Disetujui'),
(411, 'DFTR1220150192', 'TI1340', 70000, '2015-12-08', '13:00:00', 'Belum', 10, 1, 2, 'PRJ0003', 'AST0001', '1', 'B', 'Disetujui'),
(412, 'DFTR1220150193', 'TI1340', 70000, '2015-12-08', '13:00:00', 'Belum', 10, 1, 2, 'PRJ0003', 'AST0001', '1', 'D', 'Disetujui'),
(413, 'DFTR1220150194', 'TI1340', 70000, '2015-12-08', '13:00:00', 'Belum', 16, 3, 2, 'PRJ0002', 'AST0001', '1', 'B', 'Disetujui'),
(414, 'DFTR1220150195', 'TI1340', 70000, '2015-12-08', '13:00:00', 'Belum', 10, 1, 2, 'PRJ0003', 'AST0001', '1', 'B', 'Disetujui'),
(415, 'DFTR1220150196', 'TI1340', 70000, '2015-12-08', '13:00:00', 'Belum', 16, 3, 2, 'PRJ0002', 'AST0001', '1', 'B', 'Disetujui'),
(416, 'DFTR1220150197', 'TI1340', 70000, '2015-12-08', '13:00:00', 'Belum', 16, 3, 2, 'PRJ0002', 'AST0001', '1', 'A', 'Disetujui'),
(417, 'DFTR1220150198', 'TI1340', 70000, '2015-12-08', '13:00:00', 'Belum', 15, 3, 1, 'PRJ0002', 'AST0001', '1', 'B', 'Disetujui'),
(418, 'DFTR1220150199', 'TI1340', 70000, '2015-12-08', '13:00:00', 'Belum', 16, 3, 2, 'PRJ0002', 'AST0001', '1', 'A', 'Disetujui'),
(419, 'DFTR1220150200', 'TI1340', 70000, '2015-12-08', '13:00:00', 'Belum', 10, 1, 2, 'PRJ0003', 'AST0001', '1', 'B', 'Disetujui'),
(420, 'DFTR1220150201', 'TI1340', 70000, '2015-12-08', '13:00:00', 'Belum', 10, 1, 2, 'PRJ0003', 'AST0001', '1', 'B', 'Disetujui'),
(421, 'DFTR1220150202', 'TI3343', 70000, '2015-12-08', '13:00:00', 'Sudah', 10, 1, 2, 'PRJ0009', 'AST0005', '1', 'B', 'Disetujui'),
(422, 'DFTR1220150203', 'TI1340', 70000, '2015-12-08', '13:00:00', 'Belum', 16, 3, 2, 'PRJ0002', 'AST0001', '1', 'D', 'Disetujui'),
(423, 'DFTR1220150204', 'TI1340', 70000, '2015-12-08', '13:00:00', 'Belum', 16, 3, 2, 'PRJ0002', 'AST0001', '1', 'A', 'Disetujui'),
(424, 'DFTR1220150205', 'TI1340', 70000, '2015-12-08', '13:00:00', 'Belum', 10, 1, 2, 'PRJ0003', 'AST0001', '1', 'D', 'Disetujui'),
(425, 'DFTR1220150206', 'TI1340', 70000, '2015-12-08', '13:00:00', 'Belum', 10, 1, 2, 'PRJ0003', 'AST0001', '1', 'A', 'Disetujui'),
(426, 'DFTR1220150207', 'TI1340', 70000, '2015-12-08', '13:00:00', 'Belum', 10, 1, 2, 'PRJ0003', 'AST0001', '1', 'A', 'Disetujui'),
(427, 'DFTR1220150208', 'TI1340', 70000, '2015-12-08', '13:00:00', 'Belum', 16, 3, 2, 'PRJ0002', 'AST0001', '1', 'B', 'Disetujui'),
(428, 'DFTR1220150209', 'TI1340', 70000, '2015-12-08', '13:00:00', 'Belum', 16, 3, 2, 'PRJ0002', 'AST0001', '1', 'B', 'Disetujui'),
(429, 'DFTR1220150210', 'TI1340', 70000, '2015-12-08', '13:00:00', 'Belum', 16, 3, 2, 'PRJ0002', 'AST0001', '1', 'B', 'Disetujui'),
(430, 'DFTR1220150211', 'TI1340', 70000, '2015-12-08', '13:00:00', 'Belum', 17, 4, 1, 'PRJ0002', 'AST0001', '1', 'C', 'Disetujui'),
(431, 'DFTR1220150212', 'TI1340', 70000, '2015-12-08', '13:00:00', 'Belum', 16, 3, 2, 'PRJ0002', 'AST0001', '1', 'B', 'Disetujui'),
(432, 'DFTR1220150213', 'TI1340', 70000, '2015-12-08', '13:00:00', 'Belum', 17, 4, 1, 'PRJ0002', 'AST0001', '1', 'A', 'Disetujui'),
(433, 'DFTR1220150214', 'TI1340', 70000, '2015-12-08', '13:00:00', 'Belum', 17, 4, 1, 'PRJ0002', 'AST0001', '1', 'B', 'Disetujui'),
(434, 'DFTR1220150215', 'TI1340', 70000, '2015-12-08', '13:00:00', 'Belum', 17, 4, 1, 'PRJ0002', 'AST0001', '1', 'B', 'Disetujui'),
(435, 'DFTR1220150216', 'TI1340', 70000, '2015-12-08', '13:00:00', 'Belum', 17, 4, 1, 'PRJ0002', 'AST0001', '1', 'A', 'Disetujui'),
(436, 'DFTR1220150217', 'TI1340', 70000, '2015-12-08', '13:00:00', 'Belum', 10, 1, 2, 'PRJ0003', 'AST0001', '1', 'B', 'Disetujui'),
(437, 'DFTR1220150217', 'TI3346', 70000, '2015-12-08', '13:00:00', 'Sudah', 15, 2, 1, 'PRJ0007', 'AST0004', '1', 'A', 'Disetujui'),
(438, 'DFTR1220150217', 'TI3343', 70000, '2015-12-08', '13:00:00', 'Sudah', 10, 1, 2, 'PRJ0009', 'AST0005', '1', 'A', 'Disetujui'),
(439, 'DFTR1220150218', 'TI1340', 70000, '2015-12-08', '13:00:00', 'Belum', 17, 4, 1, 'PRJ0002', 'AST0001', '1', 'B', 'Disetujui'),
(440, 'DFTR1220150219', 'TI1340', 70000, '2015-12-08', '13:00:00', 'Belum', 17, 4, 1, 'PRJ0002', 'AST0001', '1', 'A', 'Disetujui'),
(442, 'DFTR1220150202', 'TI1340', 70000, '2015-12-08', '13:00:00', 'Belum', 10, 1, 2, 'PRJ0003', 'AST0001', '1', 'B', 'Disetujui'),
(443, 'DFTR1220150220', 'TI2341', 70000, '2015-12-08', '13:00:00', 'Sudah', 19, 4, 2, 'PRJ0005', 'AST0002', '1', 'D', 'Disetujui'),
(444, 'DFTR1220150220', 'TI2342', 70000, '2015-12-08', '13:00:00', 'Belum', 18, 4, 1, 'PRJ0003', 'AST0003', '1', 'D', 'Disetujui'),
(445, 'DFTR1220150247', 'TI2341', 70000, '2015-12-08', '11:34:50', 'Sudah', 10, 1, 2, 'PRJ0004', 'AST0002', '1', 'A', 'Disetujui'),
(446, 'DFTR1220150248', 'TI2341', 70000, '2015-12-08', '11:36:03', 'Sudah', 10, 1, 2, 'PRJ0004', 'AST0002', '1', 'A', 'Disetujui'),
(448, 'DFTR1220150050', 'TI2341', 70000, '2015-12-08', '09:45:20', 'Sudah', 10, 1, 2, 'PRJ0004', 'AST0002', '1', 'A', 'Disetujui'),
(451, 'DFTR1220150249', 'TI2341', 70000, '2015-12-08', '21:49:55', 'Sudah', 18, 4, 1, 'PRJ0005', 'AST0002', '1', 'A', 'Disetujui'),
(452, 'DFTR1220150250', 'TI2341', 70000, '2015-12-08', '21:49:55', 'Sudah', 18, 4, 1, 'PRJ0005', 'AST0002', '1', 'A', 'Disetujui'),
(453, 'DFTR1220150251', 'TI2341', 70000, '2015-12-08', '21:49:55', 'Sudah', 17, 3, 2, 'PRJ0005', 'AST0002', '1', 'A', 'Disetujui'),
(454, 'DFTR1220150252', 'TI2341', 70000, '2015-12-08', '21:49:55', 'Sudah', 9, 1, 1, 'PRJ0004', 'AST0002', '1', 'A', 'Disetujui'),
(455, 'DFTR1220150253', 'TI2341', 70000, '2015-12-08', '21:49:55', 'Sudah', 10, 1, 2, 'PRJ0004', 'AST0002', '1', 'A', 'Disetujui'),
(456, 'DFTR1220150247', 'TI2342', 70000, '2015-12-08', '11:34:50', 'Sudah', 10, 1, 2, 'PRJ0006', 'AST0003', '1', 'A', 'Disetujui'),
(457, 'DFTR1220150013', 'TI2342', 70000, '2015-12-08', '13:00:00', 'Sudah', 16, 3, 1, 'PRJ0003', 'AST0003', '1', 'B', 'Disetujui'),
(469, 'DFTR1220150251', 'TI2342', 70000, '2015-12-08', '21:49:55', 'Sudah', 17, 3, 2, 'PRJ0003', 'AST0003', '1', 'B', 'Disetujui'),
(470, 'DFTR1220150247', 'TI3346', 70000, '2015-12-08', '11:34:50', 'Sudah', 15, 2, 1, 'PRJ0007', 'AST0004', '1', 'A', 'Disetujui'),
(696, 'DFTR1220150255', 'TI3343', 70000, '2015-12-08', '11:34:50', 'Sudah', 10, 1, 2, 'PRJ0009', 'AST0005', '1', 'A', 'Disetujui'),
(704, 'DFTR1220150250', 'TI3343', 70000, '2015-12-08', '21:49:55', 'Sudah', 9, 1, 1, 'PRJ0009', 'AST0005', '1', 'B', 'Disetujui'),
(705, 'DFTR1220150256', 'TI3343', 70000, '2015-12-08', '21:49:55', 'Sudah', 9, 1, 1, 'PRJ0009', 'AST0005', '1', 'B', 'Disetujui'),
(707, 'DFTR1220150001', 'TI1340', 70000, '2017-03-30', '13:00:00', 'Belum', 10, 3, 1, 'PRJ0008', 'AST0004', '1', 'A', 'Disetujui'),
(708, 'DFTR0520170001', 'TI1340', 70000, '2017-05-23', '02:27:30', 'Belum', NULL, NULL, NULL, NULL, NULL, '0', NULL, 'Disetujui'),
(709, 'DFTR0520170001', 'TI3343', 70000, '2017-05-23', '02:28:46', 'Belum', NULL, NULL, NULL, NULL, NULL, '0', NULL, 'Disetujui'),
(710, 'DFTR0520170001', 'TI3346', 70000, '2017-05-23', '02:28:52', 'Belum', NULL, NULL, NULL, NULL, NULL, '0', NULL, 'Disetujui'),
(711, 'DFTR0520170002', 'TI3343', 70000, '2017-05-23', '15:16:14', 'Belum', NULL, NULL, NULL, NULL, NULL, '0', NULL, 'Disetujui'),
(712, 'DFTR0520170002', 'TI3346', 70000, '2017-05-23', '15:16:20', 'Belum', NULL, NULL, NULL, NULL, NULL, '0', NULL, 'Disetujui'),
(713, 'DFTR0520170003', 'TI3343', 70000, '2017-05-23', '16:15:39', 'Belum', NULL, NULL, NULL, NULL, NULL, '0', NULL, 'Disetujui'),
(714, 'DFTR1220150146', 'TI3343', 70000, '2017-05-23', '16:17:55', 'Belum', NULL, NULL, NULL, NULL, NULL, '0', NULL, 'Disetujui'),
(715, 'DFTR1220150146', 'TI3346', 70000, '2017-05-23', '16:18:00', 'Belum', NULL, NULL, NULL, NULL, NULL, '0', NULL, 'Disetujui'),
(716, 'DFTR1220150147', 'TI3343', 70000, '2017-05-23', '16:32:59', 'Belum', NULL, NULL, NULL, NULL, NULL, '0', NULL, 'Disetujui'),
(717, 'DFTR1220150147', 'TI3346', 70000, '2017-05-23', '16:33:05', 'Belum', NULL, NULL, NULL, NULL, NULL, '0', NULL, 'Disetujui'),
(718, 'DFTR1220150151', 'TI3343', 70000, '2017-05-23', '16:33:53', 'Belum', NULL, NULL, NULL, NULL, NULL, '0', NULL, 'Disetujui'),
(719, 'DFTR1220150151', 'TI3346', 70000, '2017-05-23', '16:35:38', 'Belum', NULL, NULL, NULL, NULL, NULL, '0', NULL, 'Disetujui'),
(720, 'DFTR1220150152', 'TI3343', 70000, '2017-05-23', '16:40:17', 'Belum', NULL, NULL, NULL, NULL, NULL, '0', NULL, 'Disetujui'),
(721, 'DFTR1220150159', 'TI3343', 70000, '2017-05-23', '16:40:36', 'Belum', NULL, NULL, NULL, NULL, NULL, '0', NULL, 'Disetujui'),
(723, 'DFTR1220150228', 'TI3343', 70000, '2017-05-23', '16:41:28', 'Belum', NULL, NULL, NULL, NULL, NULL, '0', NULL, 'Disetujui'),
(724, 'DFTR1220150228', 'TI3346', 70000, '2017-05-23', '16:41:39', 'Belum', NULL, NULL, NULL, NULL, NULL, '0', NULL, 'Disetujui'),
(725, 'DFTR1220150162', 'TI3343', 70000, '2017-05-23', '16:42:09', 'Belum', NULL, NULL, NULL, NULL, NULL, '0', NULL, 'Disetujui'),
(726, 'DFTR1220150227', 'TI3343', 70000, '2017-05-23', '13:00:00', 'Belum', NULL, NULL, NULL, NULL, NULL, '0', NULL, 'Disetujui'),
(727, 'DFTR1220150166', 'TI3343', 70000, '2017-05-23', '13:00:00', 'Belum', NULL, NULL, NULL, NULL, NULL, '0', NULL, 'Disetujui'),
(728, 'DFTR1220150166', 'TI3346', 70000, '2017-05-23', '13:00:00', 'Belum', NULL, NULL, NULL, NULL, NULL, '0', NULL, 'Disetujui'),
(729, 'DFTR1220150167', 'TI3343', 70000, '2017-05-23', '13:00:00', 'Belum', NULL, NULL, NULL, NULL, NULL, '0', NULL, 'Disetujui'),
(730, 'DFTR1220150167', 'TI3346', 70000, '2017-05-23', '13:00:00', 'Belum', NULL, NULL, NULL, NULL, NULL, '0', NULL, 'Disetujui'),
(731, 'DFTR1220150170', 'TI3343', 70000, '2017-05-23', '13:00:00', 'Belum', NULL, NULL, NULL, NULL, NULL, '0', NULL, 'Disetujui'),
(732, 'DFTR1220150170', 'TI3346', 70000, '2017-05-23', '13:00:00', 'Belum', NULL, NULL, NULL, NULL, NULL, '0', NULL, 'Disetujui'),
(735, 'DFTR1220150173', 'TI3343', 70000, '2017-05-23', '13:00:00', 'Belum', NULL, NULL, NULL, NULL, NULL, '0', NULL, 'Disetujui'),
(736, 'DFTR1220150173', 'TI3346', 70000, '2017-05-23', '13:00:00', 'Belum', NULL, NULL, NULL, NULL, NULL, '0', NULL, 'Disetujui'),
(737, 'DFTR1220150174', 'TI3343', 70000, '2017-05-23', '13:00:00', 'Belum', NULL, NULL, NULL, NULL, NULL, '0', NULL, 'Disetujui'),
(738, 'DFTR1220150175', 'TI3343', 70000, '2017-05-23', '13:00:00', 'Belum', NULL, NULL, NULL, NULL, NULL, '0', NULL, 'Disetujui'),
(739, 'DFTR1220150175', 'TI3346', 70000, '2017-05-23', '13:00:00', 'Belum', NULL, NULL, NULL, NULL, NULL, '0', NULL, 'Disetujui'),
(740, 'DFTR1220150176', 'TI3343', 70000, '2017-05-23', '13:00:00', 'Belum', NULL, NULL, NULL, NULL, NULL, '0', NULL, 'Disetujui'),
(741, 'DFTR1220150178', 'TI3346', 70000, '2017-05-23', '13:00:00', 'Belum', NULL, NULL, NULL, NULL, NULL, '0', NULL, 'Disetujui'),
(742, 'DFTR1220150230', 'TI3343', 70000, '2017-05-23', '13:00:00', 'Belum', NULL, NULL, NULL, NULL, NULL, '0', NULL, 'Disetujui'),
(743, 'DFTR1220150230', 'TI3346', 70000, '2017-05-23', '13:00:00', 'Belum', NULL, NULL, NULL, NULL, NULL, '0', NULL, 'Disetujui'),
(744, 'DFTR1220150231', 'TI3343', 70000, '2017-05-23', '13:00:00', 'Belum', NULL, NULL, NULL, NULL, NULL, '0', NULL, 'Disetujui'),
(745, 'DFTR1220150231', 'TI3346', 70000, '2017-05-23', '13:00:00', 'Belum', NULL, NULL, NULL, NULL, NULL, '0', NULL, 'Disetujui'),
(746, 'DFTR1220150226', 'TI3343', 70000, '2017-05-23', '13:00:00', 'Belum', NULL, NULL, NULL, NULL, NULL, '0', NULL, 'Disetujui'),
(747, 'DFTR1220150232', 'TI3343', 70000, '2017-05-23', '13:00:00', 'Belum', NULL, NULL, NULL, NULL, NULL, '0', NULL, 'Disetujui'),
(748, 'DFTR1220150232', 'TI3346', 70000, '2017-05-23', '13:00:00', 'Belum', NULL, NULL, NULL, NULL, NULL, '0', NULL, 'Disetujui'),
(749, 'DFTR1220150234', 'TI3343', 70000, '2017-05-23', '13:00:00', 'Belum', NULL, NULL, NULL, NULL, NULL, '0', NULL, 'Disetujui'),
(750, 'DFTR1220150234', 'TI3346', 70000, '2017-05-23', '13:00:00', 'Belum', NULL, NULL, NULL, NULL, NULL, '0', NULL, 'Disetujui'),
(751, 'DFTR1220150183', 'TI3343', 70000, '2017-05-23', '13:00:00', 'Belum', NULL, NULL, NULL, NULL, NULL, '0', NULL, 'Disetujui'),
(752, 'DFTR1220150184', 'TI3343', 70000, '2017-05-23', '13:00:00', 'Belum', NULL, NULL, NULL, NULL, NULL, '0', NULL, 'Disetujui'),
(753, 'DFTR1220150235', 'TI3343', 70000, '2017-05-23', '13:00:00', 'Belum', NULL, NULL, NULL, NULL, NULL, '0', NULL, 'Disetujui'),
(754, 'DFTR1220150235', 'TI3346', 70000, '2017-05-23', '13:00:00', 'Belum', NULL, NULL, NULL, NULL, NULL, '0', NULL, 'Disetujui'),
(755, 'DFTR1220150187', 'TI3343', 70000, '2017-05-23', '13:00:00', 'Belum', NULL, NULL, NULL, NULL, NULL, '0', NULL, 'Disetujui'),
(756, 'DFTR1220150187', 'TI3346', 70000, '2017-05-23', '13:00:00', 'Belum', NULL, NULL, NULL, NULL, NULL, '0', NULL, 'Disetujui'),
(757, 'DFTR1220150188', 'TI3343', 70000, '2017-05-23', '13:00:00', 'Belum', NULL, NULL, NULL, NULL, NULL, '0', NULL, 'Disetujui'),
(758, 'DFTR1220150188', 'TI3346', 70000, '2017-05-23', '13:00:00', 'Belum', NULL, NULL, NULL, NULL, NULL, '0', NULL, 'Disetujui'),
(759, 'DFTR1220150190', 'TI3343', 70000, '2017-05-23', '13:00:00', 'Belum', NULL, NULL, NULL, NULL, NULL, '0', NULL, 'Disetujui'),
(760, 'DFTR1220150190', 'TI3346', 70000, '2017-05-23', '13:00:00', 'Belum', NULL, NULL, NULL, NULL, NULL, '0', NULL, 'Disetujui'),
(761, 'DFTR1220150192', 'TI3343', 70000, '2017-05-23', '13:00:00', 'Belum', NULL, NULL, NULL, NULL, NULL, '0', NULL, 'Disetujui'),
(762, 'DFTR1220150195', 'TI3343', 70000, '2017-05-23', '13:00:00', 'Belum', NULL, NULL, NULL, NULL, NULL, '0', NULL, 'Disetujui'),
(763, 'DFTR1220150195', 'TI3346', 70000, '2017-05-23', '13:00:00', 'Belum', NULL, NULL, NULL, NULL, NULL, '0', NULL, 'Disetujui'),
(764, 'DFTR1220150200', 'TI3343', 70000, '2017-05-23', '13:00:00', 'Belum', NULL, NULL, NULL, NULL, NULL, '0', NULL, 'Disetujui'),
(765, 'DFTR1220150201', 'TI3343', 70000, '2017-05-23', '13:00:00', 'Belum', NULL, NULL, NULL, NULL, NULL, '0', NULL, 'Disetujui'),
(766, 'DFTR1220150201', 'TI3346', 70000, '2017-05-23', '13:00:00', 'Belum', NULL, NULL, NULL, NULL, NULL, '0', NULL, 'Disetujui'),
(767, 'DFTR0520170004', 'TI3343', 70000, '2017-05-23', '17:57:50', 'Belum', NULL, NULL, NULL, NULL, NULL, '0', NULL, 'Disetujui'),
(768, 'DFTR0520170004', 'TI3346', 70000, '2017-05-23', '17:57:57', 'Belum', NULL, NULL, NULL, NULL, NULL, '0', NULL, 'Disetujui'),
(769, 'DFTR1220150204', 'TI3343', 70000, '2017-05-23', '17:59:03', 'Belum', NULL, NULL, NULL, NULL, NULL, '0', NULL, 'Disetujui'),
(770, 'DFTR1220150204', 'TI3346', 70000, '2017-05-23', '17:59:07', 'Belum', NULL, NULL, NULL, NULL, NULL, '0', NULL, 'Disetujui'),
(771, 'DFTR1220150254', 'TI3343', 70000, '2017-05-23', '17:59:26', 'Belum', NULL, NULL, NULL, NULL, NULL, '0', NULL, 'Disetujui'),
(772, 'DFTR1220150206', 'TI3346', 70000, '2017-05-23', '18:03:48', 'Belum', NULL, NULL, NULL, NULL, NULL, '0', NULL, 'Menunggu'),
(773, 'DFTR1220150207', 'TI3346', 70000, '2017-05-23', '18:03:58', 'Belum', NULL, NULL, NULL, NULL, NULL, '0', NULL, 'Disetujui'),
(774, 'DFTR1220150224', 'TI3343', 70000, '2017-05-23', '18:04:25', 'Belum', NULL, NULL, NULL, NULL, NULL, '0', NULL, 'Disetujui'),
(775, 'DFTR1220150224', 'TI3346', 70000, '2017-05-23', '18:04:25', 'Belum', NULL, NULL, NULL, NULL, NULL, '0', NULL, 'Disetujui'),
(776, 'DFTR1220150238', 'TI3346', 70000, '2017-05-23', '18:04:47', 'Belum', NULL, NULL, NULL, NULL, NULL, '0', NULL, 'Disetujui'),
(777, 'DFTR1220150239', 'TI3343', 70000, '2017-05-23', '18:05:13', 'Belum', NULL, NULL, NULL, NULL, NULL, '0', NULL, 'Disetujui'),
(778, 'DFTR1220150239', 'TI3346', 70000, '2017-05-23', '18:05:18', 'Belum', NULL, NULL, NULL, NULL, NULL, '0', NULL, 'Disetujui'),
(779, 'DFTR1220150240', 'TI3343', 70000, '2017-05-23', '18:05:29', 'Belum', NULL, NULL, NULL, NULL, NULL, '0', NULL, 'Disetujui'),
(780, 'DFTR1220150240', 'TI3346', 70000, '2017-05-23', '18:05:33', 'Belum', NULL, NULL, NULL, NULL, NULL, '0', NULL, 'Disetujui'),
(781, 'DFTR0520170005', 'TI3346', 70000, '2017-05-23', '18:07:04', 'Belum', NULL, NULL, NULL, NULL, NULL, '0', NULL, 'Disetujui'),
(782, 'DFTR1220150145', 'TI3343', 70000, '2017-05-23', '18:07:24', 'Belum', NULL, NULL, NULL, NULL, NULL, '0', NULL, 'Disetujui'),
(783, 'DFTR1220150149', 'TI3343', 70000, '2017-05-23', '18:08:19', 'Belum', NULL, NULL, NULL, NULL, NULL, '0', NULL, 'Disetujui'),
(784, 'DFTR1220150149', 'TI3346', 70000, '2017-05-23', '18:08:23', 'Belum', NULL, NULL, NULL, NULL, NULL, '0', NULL, 'Disetujui'),
(785, 'DFTR1220150150', 'TI3343', 70000, '2017-05-23', '18:08:32', 'Belum', NULL, NULL, NULL, NULL, NULL, '0', NULL, 'Disetujui'),
(786, 'DFTR1220150150', 'TI3346', 70000, '2017-05-23', '18:08:36', 'Belum', NULL, NULL, NULL, NULL, NULL, '0', NULL, 'Disetujui'),
(787, 'DFTR1220150154', 'TI3343', 70000, '2017-05-23', '18:09:00', 'Belum', NULL, NULL, NULL, NULL, NULL, '0', NULL, 'Disetujui'),
(788, 'DFTR1220150154', 'TI3346', 70000, '2017-05-23', '18:09:04', 'Belum', NULL, NULL, NULL, NULL, NULL, '0', NULL, 'Disetujui'),
(789, 'DFTR1220150156', 'TI3343', 70000, '2017-05-23', '18:09:18', 'Belum', NULL, NULL, NULL, NULL, NULL, '0', NULL, 'Disetujui'),
(790, 'DFTR1220150156', 'TI3346', 70000, '2017-05-23', '18:09:22', 'Belum', NULL, NULL, NULL, NULL, NULL, '0', NULL, 'Disetujui'),
(791, 'DFTR1220150157', 'TI3343', 70000, '2017-05-23', '18:09:34', 'Belum', NULL, NULL, NULL, NULL, NULL, '0', NULL, 'Disetujui'),
(792, 'DFTR1220150157', 'TI3346', 70000, '2017-05-23', '18:09:38', 'Belum', NULL, NULL, NULL, NULL, NULL, '0', NULL, 'Disetujui'),
(793, 'DFTR1220150158', 'TI3343', 70000, '2017-05-23', '13:00:00', 'Belum', NULL, NULL, NULL, NULL, NULL, '0', NULL, 'Disetujui'),
(794, 'DFTR1220150160', 'TI3343', 70000, '2017-05-23', '18:10:15', 'Belum', NULL, NULL, NULL, NULL, NULL, '0', NULL, 'Disetujui'),
(795, 'DFTR1220150160', 'TI3346', 70000, '2017-05-23', '13:00:00', 'Belum', NULL, NULL, NULL, NULL, NULL, '0', NULL, 'Disetujui'),
(796, 'DFTR1220150161', 'TI3343', 70000, '2017-05-23', '18:10:30', 'Belum', NULL, NULL, NULL, NULL, NULL, '0', NULL, 'Disetujui'),
(797, 'DFTR1220150161', 'TI3346', 70000, '2017-05-23', '18:10:35', 'Belum', NULL, NULL, NULL, NULL, NULL, '0', NULL, 'Disetujui'),
(798, 'DFTR1220150163', 'TI3343', 70000, '2017-05-23', '13:00:00', 'Belum', NULL, NULL, NULL, NULL, NULL, '0', NULL, 'Disetujui'),
(799, 'DFTR1220150164', 'TI3343', 70000, '2017-05-23', '13:00:00', 'Belum', NULL, NULL, NULL, NULL, NULL, '0', NULL, 'Disetujui'),
(800, 'DFTR1220150165', 'TI3343', 70000, '2017-05-23', '13:00:00', 'Belum', NULL, NULL, NULL, NULL, NULL, '0', NULL, 'Disetujui'),
(801, 'DFTR1220150168', 'TI3343', 70000, '2017-05-23', '13:00:00', 'Belum', NULL, NULL, NULL, NULL, NULL, '0', NULL, 'Disetujui'),
(802, 'DFTR1220150168', 'TI3346', 70000, '2017-05-23', '13:00:00', 'Belum', NULL, NULL, NULL, NULL, NULL, '0', NULL, 'Disetujui'),
(803, 'DFTR1220150172', 'TI3343', 70000, '2017-05-23', '13:00:00', 'Belum', NULL, NULL, NULL, NULL, NULL, '0', NULL, 'Disetujui'),
(804, 'DFTR1220150172', 'TI3346', 70000, '2017-05-23', '13:00:00', 'Belum', NULL, NULL, NULL, NULL, NULL, '0', NULL, 'Disetujui'),
(805, 'DFTR1220150222', 'TI1340', 70000, '2017-05-23', '13:00:00', 'Belum', NULL, NULL, NULL, NULL, NULL, '0', NULL, 'Disetujui'),
(806, 'DFTR1220150222', 'TI3343', 70000, '2017-05-23', '13:00:00', 'Belum', NULL, NULL, NULL, NULL, NULL, '0', NULL, 'Disetujui'),
(807, 'DFTR1220150222', 'TI3346', 70000, '2017-05-23', '13:00:00', 'Belum', NULL, NULL, NULL, NULL, NULL, '0', NULL, 'Disetujui'),
(808, 'DFTR0520170006', 'TI1340', 70000, '2017-05-23', '18:16:02', 'Belum', NULL, NULL, NULL, NULL, NULL, '0', NULL, 'Disetujui'),
(809, 'DFTR0520170006', 'TI3343', 70000, '2017-05-23', '18:16:08', 'Belum', NULL, NULL, NULL, NULL, NULL, '0', NULL, 'Disetujui'),
(810, 'DFTR0520170006', 'TI3346', 70000, '2017-05-23', '18:16:12', 'Belum', NULL, NULL, NULL, NULL, NULL, '0', NULL, 'Disetujui'),
(811, 'DFTR1220150180', 'TI3343', 70000, '2017-05-23', '18:17:20', 'Belum', NULL, NULL, NULL, NULL, NULL, '0', NULL, 'Disetujui'),
(812, 'DFTR1220150180', 'TI3346', 70000, '2017-05-23', '18:17:23', 'Belum', NULL, NULL, NULL, NULL, NULL, '0', NULL, 'Disetujui'),
(813, 'DFTR1220150185', 'TI3343', 70000, '2017-05-23', '18:17:37', 'Belum', NULL, NULL, NULL, NULL, NULL, '0', NULL, 'Disetujui'),
(814, 'DFTR1220150185', 'TI3346', 70000, '2017-05-23', '18:17:42', 'Belum', NULL, NULL, NULL, NULL, NULL, '0', NULL, 'Disetujui'),
(815, 'DFTR1220150186', 'TI3343', 70000, '2017-05-23', '18:17:55', 'Belum', NULL, NULL, NULL, NULL, NULL, '0', NULL, 'Disetujui'),
(816, 'DFTR1220150186', 'TI3346', 70000, '2017-05-23', '13:00:00', 'Belum', NULL, NULL, NULL, NULL, NULL, '0', NULL, 'Disetujui'),
(817, 'DFTR1220150189', 'TI3343', 70000, '2017-05-23', '18:18:26', 'Belum', NULL, NULL, NULL, NULL, NULL, '0', NULL, 'Disetujui'),
(818, 'DFTR1220150189', 'TI3346', 70000, '2017-05-23', '18:18:29', 'Belum', NULL, NULL, NULL, NULL, NULL, '0', NULL, 'Disetujui'),
(819, 'DFTR1220150191', 'TI3343', 70000, '2017-05-23', '18:18:43', 'Belum', NULL, NULL, NULL, NULL, NULL, '0', NULL, 'Disetujui'),
(820, 'DFTR1220150196', 'TI3343', 70000, '2017-05-23', '18:18:58', 'Belum', NULL, NULL, NULL, NULL, NULL, '0', NULL, 'Disetujui'),
(821, 'DFTR1220150196', 'TI3346', 70000, '2017-05-23', '18:19:02', 'Belum', NULL, NULL, NULL, NULL, NULL, '0', NULL, 'Disetujui'),
(822, 'DFTR1220150245', 'TI3343', 70000, '2017-05-23', '18:19:50', 'Belum', NULL, NULL, NULL, NULL, NULL, '0', NULL, 'Disetujui'),
(823, 'DFTR1220150212', 'TI3343', 70000, '2017-05-23', '18:20:35', 'Belum', NULL, NULL, NULL, NULL, NULL, '0', NULL, 'Disetujui'),
(824, 'DFTR1220150212', 'TI3346', 70000, '2017-05-23', '18:21:08', 'Belum', NULL, NULL, NULL, NULL, NULL, '0', NULL, 'Disetujui'),
(825, 'DFTR1220150213', 'TI3343', 70000, '2017-05-23', '18:21:47', 'Belum', NULL, NULL, NULL, NULL, NULL, '0', NULL, 'Disetujui'),
(826, 'DFTR1220150213', 'TI3346', 70000, '2017-05-23', '13:00:00', 'Belum', NULL, NULL, NULL, NULL, NULL, '0', NULL, 'Disetujui'),
(827, 'DFTR1220150215', 'TI3343', 70000, '2017-05-23', '18:22:15', 'Belum', NULL, NULL, NULL, NULL, NULL, '0', NULL, 'Disetujui'),
(828, 'DFTR1220150215', 'TI3346', 70000, '2017-05-23', '18:22:19', 'Belum', NULL, NULL, NULL, NULL, NULL, '0', NULL, 'Disetujui'),
(829, 'DFTR1220150216', 'TI3343', 70000, '2017-05-23', '18:22:34', 'Belum', NULL, NULL, NULL, NULL, NULL, '0', NULL, 'Disetujui'),
(830, 'DFTR1220150216', 'TI3346', 70000, '2017-05-23', '18:22:37', 'Belum', NULL, NULL, NULL, NULL, NULL, '0', NULL, 'Disetujui'),
(831, 'DFTR1220150219', 'TI3343', 70000, '2017-05-23', '18:22:55', 'Belum', NULL, NULL, NULL, NULL, NULL, '0', NULL, 'Disetujui'),
(832, 'DFTR1220150219', 'TI3346', 70000, '2017-05-23', '18:23:00', 'Belum', NULL, NULL, NULL, NULL, NULL, '0', NULL, 'Disetujui'),
(833, 'DFTR0520170007', 'TI1340', 70000, '2017-05-23', '18:27:24', 'Belum', NULL, NULL, NULL, NULL, NULL, '0', NULL, 'Disetujui'),
(834, 'DFTR0620170001', 'TI1340', NULL, NULL, NULL, NULL, NULL, NULL, NULL, NULL, NULL, '0', NULL, NULL);

-- --------------------------------------------------------

--
-- Table structure for table `master_asisten_pengajar`
--

CREATE TABLE IF NOT EXISTS `master_asisten_pengajar` (
  `kode_asisten` varchar(30) NOT NULL,
  `nama_asisten` varchar(100) DEFAULT NULL,
  `alamat` text,
  `tempat` varchar(50) DEFAULT NULL,
  `tgl_lahir` date DEFAULT NULL,
  `no_telp` varchar(20) DEFAULT NULL,
  PRIMARY KEY (`kode_asisten`)
) ENGINE=InnoDB DEFAULT CHARSET=latin1;

--
-- Dumping data for table `master_asisten_pengajar`
--

INSERT INTO `master_asisten_pengajar` (`kode_asisten`, `nama_asisten`, `alamat`, `tempat`, `tgl_lahir`, `no_telp`) VALUES
('AST0001', 'Miftakhul Huda, S.Kom', 'Lamongan', 'Lamongan', '2016-02-20', '0'),
('AST0002', 'Irawan Papang Subakti, S.Kom', 'Sidoarjo', 'Sidoarjo', '1991-04-28', '083832095434'),
('AST0003', 'Rizky Maulana, S.Kom', 'Medaeng', 'Sidoarjo', '2016-02-20', '0'),
('AST0004', 'Indra Dwi Permana W, S.Kom', 'Bungurasih', 'Sidoarjo', '1992-10-22', '0'),
('AST0005', 'Reza Aliffiano., S.Kom', 'Mojokerto', 'Mojokerto', '2016-03-06', '0');

-- --------------------------------------------------------

--
-- Table structure for table `master_jam_praktikum`
--

CREATE TABLE IF NOT EXISTS `master_jam_praktikum` (
  `id_jam_praktikum` int(11) NOT NULL AUTO_INCREMENT,
  `jam_praktikum` varchar(255) DEFAULT NULL,
  PRIMARY KEY (`id_jam_praktikum`)
) ENGINE=InnoDB  DEFAULT CHARSET=latin1 AUTO_INCREMENT=6 ;

--
-- Dumping data for table `master_jam_praktikum`
--

INSERT INTO `master_jam_praktikum` (`id_jam_praktikum`, `jam_praktikum`) VALUES
(1, 'Jam ke 1 Pagi'),
(2, 'Jam ke 2 Pagi'),
(3, 'Jam ke 1 Sore'),
(4, 'Jam ke 2 Sore'),
(5, 'Jam ke 3 Pagi');

-- --------------------------------------------------------

--
-- Table structure for table `master_lab`
--

CREATE TABLE IF NOT EXISTS `master_lab` (
  `id_lab` int(11) NOT NULL AUTO_INCREMENT,
  `nama_lab` varchar(255) DEFAULT NULL,
  PRIMARY KEY (`id_lab`)
) ENGINE=InnoDB  DEFAULT CHARSET=latin1 AUTO_INCREMENT=3 ;

--
-- Dumping data for table `master_lab`
--

INSERT INTO `master_lab` (`id_lab`, `nama_lab`) VALUES
(1, 'Laboratorium 1'),
(2, 'Laboratorium 2');

-- --------------------------------------------------------

--
-- Table structure for table `master_nama_kelompok`
--

CREATE TABLE IF NOT EXISTS `master_nama_kelompok` (
  `id_kelompok` int(11) NOT NULL AUTO_INCREMENT,
  `nama_kelompok` varchar(50) DEFAULT NULL,
  PRIMARY KEY (`id_kelompok`)
) ENGINE=InnoDB  DEFAULT CHARSET=latin1 AUTO_INCREMENT=23 ;

--
-- Dumping data for table `master_nama_kelompok`
--

INSERT INTO `master_nama_kelompok` (`id_kelompok`, `nama_kelompok`) VALUES
(9, 'Kelompok 1'),
(10, 'Kelompok 2'),
(15, 'Kelompok 3'),
(16, 'Kelompok 4'),
(17, 'Kelompok 5'),
(18, 'Kelompok 6'),
(19, 'Kelompok 7'),
(20, 'Kelompok 8'),
(21, 'Kelompok 9'),
(22, 'Kelompok 10');

-- --------------------------------------------------------

--
-- Table structure for table `master_pengajar`
--

CREATE TABLE IF NOT EXISTS `master_pengajar` (
  `kode_pengajar` varchar(30) NOT NULL,
  `nama_pngajar` varchar(100) DEFAULT NULL,
  `alamat` text,
  `tempat` varchar(50) DEFAULT NULL,
  `tgl_lahir` date DEFAULT NULL,
  `no_telp` varchar(20) DEFAULT NULL,
  PRIMARY KEY (`kode_pengajar`)
) ENGINE=InnoDB DEFAULT CHARSET=latin1;

--
-- Dumping data for table `master_pengajar`
--

INSERT INTO `master_pengajar` (`kode_pengajar`, `nama_pngajar`, `alamat`, `tempat`, `tgl_lahir`, `no_telp`) VALUES
('PRJ0001', 'Muhammad Mahaputra Hidayat, S.Kom, M.Kom', '-', '-', '2016-02-19', '0'),
('PRJ0002', 'Rendy Ardyz, S.Kom', '-', '-', '2016-02-19', '0'),
('PRJ0003', 'Dheni Irawan H, S.Kom', '-', '-', '1991-02-19', '0'),
('PRJ0004', 'Arif Arizal, S.Kom., M.Cs', '-', '-', '2016-02-20', '0'),
('PRJ0005', 'Achmad Ika Prihantyo, S.Kom', 'Sidoarjo', 'Sidoarjo', '2016-02-20', '0'),
('PRJ0006', 'Rifki Fahrial Z., ST., M.Kom', 'Surabaya', 'Surabaya', '2016-02-20', '0'),
('PRJ0007', 'Rani Purbaningtyas, S.Kom., M.T', '-', '-', '2016-02-25', '0'),
('PRJ0008', 'Heri Sukamto, S.Kom', '-', '-', '2016-02-25', '0'),
('PRJ0009', 'R. Dimas Adityo, ST., MT', '-', 'Surabaya', '2016-03-06', '0');

-- --------------------------------------------------------

--
-- Table structure for table `master_tanggal`
--

CREATE TABLE IF NOT EXISTS `master_tanggal` (
  `id_tanggal` int(11) NOT NULL AUTO_INCREMENT,
  `kode_praktikum` varchar(50) DEFAULT NULL,
  `tgl_pelaksana` date DEFAULT NULL,
  `tahun` date DEFAULT NULL,
  PRIMARY KEY (`id_tanggal`),
  KEY `fk_kodeprak` (`kode_praktikum`)
) ENGINE=InnoDB  DEFAULT CHARSET=latin1 AUTO_INCREMENT=84 ;

--
-- Dumping data for table `master_tanggal`
--

INSERT INTO `master_tanggal` (`id_tanggal`, `kode_praktikum`, `tgl_pelaksana`, `tahun`) VALUES
(1, 'TI1340', '2016-02-01', '2016-01-29'),
(2, 'TI1340', '2016-02-02', '2016-01-29'),
(3, 'TI1340', '2016-02-03', '2016-01-29'),
(4, 'TI1340', '2016-02-04', '2016-01-29'),
(5, 'TI1340', '2016-02-05', '2016-01-29'),
(8, 'TI1340', '2016-02-09', '2016-01-29'),
(27, 'TI2341', '2016-02-10', '2016-01-29'),
(28, 'TI2341', '2016-02-11', '2016-01-29'),
(29, 'TI2341', '2016-02-12', '2016-01-29'),
(30, 'TI2341', '2016-02-15', '2016-01-29'),
(31, 'TI2341', '2016-02-16', '2016-01-29'),
(32, 'TI2341', '2016-02-17', '2016-01-29'),
(33, 'TI2342', '2016-02-18', '2016-02-15'),
(34, 'TI2342', '2016-02-19', '2016-02-15'),
(35, 'TI2342', '2016-02-22', '2016-02-15'),
(36, 'TI2342', '2016-02-23', '2016-02-15'),
(37, 'TI2342', '2016-02-24', '2016-02-15'),
(38, 'TI2342', '2016-02-25', '2016-02-15'),
(51, 'TI3346', '2016-02-26', '2016-02-25'),
(52, 'TI3346', '2016-02-27', '2016-02-25'),
(53, 'TI3346', '2016-02-28', '2016-02-25'),
(54, 'TI3346', '2016-02-29', '2016-02-25'),
(55, 'TI3346', '2016-03-01', '2016-02-25'),
(56, 'TI3346', '2016-03-02', '2016-02-25'),
(57, 'TI3346', '2016-03-05', '2016-02-25'),
(58, 'TI3346', '2016-03-06', '2016-02-25'),
(67, 'TI3343', '2016-03-07', '2016-03-06'),
(68, 'TI3343', '2016-03-08', '2016-03-06'),
(71, 'TI3343', '2016-03-10', '2016-03-06'),
(72, 'TI3343', '2016-03-11', '2016-03-06'),
(73, 'TI3343', '2016-03-12', '2016-03-06'),
(74, 'TI3343', '2016-03-13', '2016-03-06'),
(75, 'TI1340', '2017-05-02', '2017-05-23'),
(76, 'TI1340', '2017-05-03', '2017-05-23'),
(77, 'TI1340', '2017-05-04', '2017-05-23'),
(78, 'TI1340', '2017-05-05', '2017-05-23'),
(79, 'TI1340', '2017-05-08', '2017-05-23'),
(80, 'TI1340', '2017-05-06', '2017-05-23'),
(81, 'TI1340', '2017-05-07', '2017-05-23'),
(82, 'TI1340', '2017-05-13', '2017-05-23'),
(83, 'TI1340', '2017-05-14', '2017-05-23');

-- --------------------------------------------------------

--
-- Table structure for table `master_waktu`
--

CREATE TABLE IF NOT EXISTS `master_waktu` (
  `id_waktu` int(11) NOT NULL AUTO_INCREMENT,
  `id_kelompok` int(11) DEFAULT NULL,
  `id_tanggal` int(11) DEFAULT NULL,
  `jam_mulai` time DEFAULT NULL,
  `jam_selesai` time DEFAULT NULL,
  PRIMARY KEY (`id_waktu`),
  KEY `fkklompok` (`id_kelompok`),
  KEY `fktgl` (`id_tanggal`)
) ENGINE=InnoDB  DEFAULT CHARSET=latin1 AUTO_INCREMENT=292 ;

--
-- Dumping data for table `master_waktu`
--

INSERT INTO `master_waktu` (`id_waktu`, `id_kelompok`, `id_tanggal`, `jam_mulai`, `jam_selesai`) VALUES
(1, 9, 1, '08:00:00', '10:00:00'),
(2, 10, 1, '08:00:00', '10:00:00'),
(3, 15, 1, '18:00:00', '20:00:00'),
(4, 16, 1, '18:00:00', '20:00:00'),
(5, 17, 1, '20:00:00', '22:00:00'),
(6, 9, 2, '08:00:00', '10:00:00'),
(7, 10, 2, '08:00:00', '10:00:00'),
(8, 15, 2, '18:00:00', '20:00:00'),
(9, 16, 2, '18:00:00', '20:00:00'),
(10, 17, 2, '20:00:00', '22:00:00'),
(11, 9, 3, '08:00:00', '10:00:00'),
(12, 10, 3, '08:00:00', '10:00:00'),
(13, 15, 3, '18:00:00', '20:00:00'),
(14, 16, 3, '18:00:00', '20:00:00'),
(15, 17, 3, '20:00:00', '22:00:00'),
(16, 9, 4, '08:00:00', '10:00:00'),
(17, 10, 4, '08:00:00', '10:00:00'),
(18, 15, 4, '18:00:00', '20:00:00'),
(19, 16, 4, '18:00:00', '20:00:00'),
(20, 17, 4, '20:00:00', '22:00:00'),
(21, 9, 5, '08:00:00', '10:00:00'),
(22, 10, 5, '08:00:00', '10:00:00'),
(23, 15, 5, '18:00:00', '20:00:00'),
(24, 16, 5, '18:00:00', '20:00:00'),
(25, 17, 5, '20:00:00', '22:00:00'),
(26, 9, 8, '08:00:00', '10:00:00'),
(27, 10, 8, '08:00:00', '10:00:00'),
(28, 15, 8, '18:00:00', '20:00:00'),
(29, 16, 8, '18:00:00', '20:00:00'),
(30, 17, 8, '20:00:00', '22:00:00'),
(119, 9, 27, '09:00:00', '10:30:00'),
(120, 10, 27, '09:00:00', '10:30:00'),
(121, 15, 27, '10:30:00', '12:00:00'),
(122, 16, 27, '18:00:00', '19:30:00'),
(123, 17, 27, '18:00:00', '19:30:00'),
(124, 18, 27, '19:30:00', '21:00:00'),
(125, 19, 27, '19:30:00', '21:00:00'),
(126, 9, 28, '09:00:00', '10:30:00'),
(127, 10, 28, '09:00:00', '10:30:00'),
(128, 15, 28, '10:30:00', '12:00:00'),
(129, 16, 28, '18:00:00', '19:30:00'),
(130, 17, 28, '18:00:00', '19:30:00'),
(131, 18, 28, '19:30:00', '21:00:00'),
(132, 19, 28, '19:30:00', '21:00:00'),
(133, 9, 29, '09:00:00', '10:30:00'),
(134, 10, 29, '09:00:00', '10:30:00'),
(135, 15, 29, '10:30:00', '12:00:00'),
(136, 16, 29, '18:00:00', '19:30:00'),
(137, 17, 29, '18:00:00', '19:30:00'),
(138, 18, 29, '19:30:00', '21:00:00'),
(139, 19, 29, '19:30:00', '21:00:00'),
(140, 9, 30, '09:00:00', '10:30:00'),
(141, 10, 30, '09:00:00', '10:30:00'),
(142, 15, 30, '10:30:00', '12:00:00'),
(143, 16, 30, '18:00:00', '19:30:00'),
(144, 17, 30, '18:00:00', '19:30:00'),
(145, 18, 30, '19:30:00', '21:00:00'),
(146, 19, 30, '19:30:00', '21:00:00'),
(147, 9, 31, '09:00:00', '10:30:00'),
(148, 10, 31, '09:00:00', '10:30:00'),
(149, 15, 31, '10:30:00', '12:00:00'),
(150, 16, 31, '18:00:00', '19:30:00'),
(151, 17, 31, '18:00:00', '19:30:00'),
(152, 18, 31, '19:30:00', '21:00:00'),
(153, 19, 31, '19:30:00', '21:00:00'),
(154, 9, 32, '09:00:00', '10:30:00'),
(155, 10, 32, '09:00:00', '10:30:00'),
(156, 15, 32, '10:30:00', '12:00:00'),
(157, 16, 32, '18:00:00', '19:30:00'),
(158, 17, 32, '18:00:00', '19:30:00'),
(159, 18, 32, '19:30:00', '21:00:00'),
(160, 19, 32, '19:30:00', '21:00:00'),
(161, 9, 33, '09:00:00', '10:30:00'),
(162, 10, 33, '09:00:00', '10:30:00'),
(163, 15, 33, '10:30:00', '12:00:00'),
(164, 16, 33, '18:00:00', '19:30:00'),
(165, 17, 33, '18:00:00', '19:30:00'),
(166, 18, 33, '19:30:00', '21:00:00'),
(167, 9, 34, '09:00:00', '10:30:00'),
(168, 10, 34, '09:00:00', '10:30:00'),
(169, 15, 34, '10:30:00', '12:00:00'),
(170, 16, 34, '18:00:00', '19:30:00'),
(171, 17, 34, '18:00:00', '19:30:00'),
(172, 18, 34, '19:30:00', '21:00:00'),
(173, 9, 35, '09:00:00', '10:30:00'),
(174, 10, 35, '09:00:00', '10:30:00'),
(175, 15, 35, '10:30:00', '12:00:00'),
(176, 16, 35, '18:00:00', '19:30:00'),
(177, 17, 35, '18:00:00', '19:30:00'),
(178, 18, 35, '19:30:00', '21:00:00'),
(179, 9, 36, '09:00:00', '10:30:00'),
(180, 10, 36, '09:00:00', '10:30:00'),
(181, 15, 36, '10:30:00', '12:00:00'),
(182, 16, 36, '18:00:00', '19:30:00'),
(183, 17, 36, '18:00:00', '19:30:00'),
(184, 18, 36, '19:30:00', '21:00:00'),
(185, 9, 37, '09:00:00', '10:30:00'),
(186, 10, 37, '09:00:00', '10:30:00'),
(187, 15, 37, '10:30:00', '12:00:00'),
(188, 16, 37, '18:00:00', '19:30:00'),
(189, 17, 37, '18:00:00', '19:30:00'),
(190, 18, 37, '19:30:00', '21:00:00'),
(191, 9, 38, '09:00:00', '10:30:00'),
(192, 10, 38, '09:00:00', '10:30:00'),
(193, 15, 38, '10:30:00', '12:00:00'),
(194, 16, 38, '18:00:00', '19:30:00'),
(195, 17, 38, '18:00:00', '19:30:00'),
(196, 18, 38, '19:30:00', '21:00:00'),
(228, 9, 51, '13:00:00', '15:00:00'),
(229, 10, 51, '13:00:00', '15:00:00'),
(230, 15, 51, '15:00:00', '17:00:00'),
(231, 16, 52, '09:00:00', '11:00:00'),
(232, 17, 52, '09:00:00', '11:00:00'),
(233, 16, 53, '09:00:00', '11:00:00'),
(234, 17, 53, '09:00:00', '11:00:00'),
(235, 9, 54, '13:00:00', '15:00:00'),
(236, 10, 54, '13:00:00', '15:00:00'),
(237, 15, 54, '15:00:00', '17:00:00'),
(238, 9, 55, '13:00:00', '15:00:00'),
(239, 10, 55, '13:00:00', '15:00:00'),
(240, 15, 55, '15:00:00', '17:00:00'),
(241, 9, 56, '13:00:00', '15:00:00'),
(242, 10, 56, '13:00:00', '15:00:00'),
(243, 15, 56, '15:00:00', '17:00:00'),
(244, 16, 57, '09:00:00', '11:00:00'),
(245, 17, 57, '09:00:00', '11:00:00'),
(246, 16, 58, '09:00:00', '11:00:00'),
(247, 17, 58, '09:00:00', '11:00:00'),
(268, 9, 67, '13:00:00', '14:30:00'),
(269, 10, 67, '13:00:00', '14:30:00'),
(270, 9, 68, '13:00:00', '14:30:00'),
(271, 10, 68, '13:00:00', '14:30:00'),
(276, 9, 71, '13:00:00', '14:30:00'),
(277, 10, 71, '13:00:00', '14:30:00'),
(278, 15, 71, '18:00:00', '19:30:00'),
(279, 16, 71, '18:00:00', '19:30:00'),
(280, 17, 71, '19:30:00', '21:00:00'),
(281, 9, 72, '13:00:00', '14:30:00'),
(282, 10, 72, '13:00:00', '14:30:00'),
(283, 15, 72, '18:00:00', '19:30:00'),
(284, 16, 72, '18:00:00', '19:30:00'),
(285, 17, 72, '19:30:00', '21:00:00'),
(286, 15, 73, '18:00:00', '19:30:00'),
(287, 16, 73, '18:00:00', '19:30:00'),
(288, 17, 73, '19:30:00', '21:00:00'),
(289, 15, 74, '18:00:00', '19:30:00'),
(290, 16, 74, '18:00:00', '19:30:00'),
(291, 17, 74, '19:30:00', '21:00:00');

-- --------------------------------------------------------

--
-- Table structure for table `pendaftaran`
--

CREATE TABLE IF NOT EXISTS `pendaftaran` (
  `kodedaftar_mahasiswa` varchar(30) NOT NULL,
  `nim_mahasiswa` int(15) DEFAULT NULL,
  `nama_mahasiswa` varchar(100) DEFAULT NULL,
  `kelas_mahasiswa` enum('Pagi','Sore') DEFAULT NULL,
  `semester_mahasiswa` int(11) DEFAULT NULL,
  `tgl_daftar_mahasiswa` date DEFAULT NULL,
  `jam_daftar_mahasiswa` time DEFAULT NULL,
  `total_biaya` double DEFAULT NULL,
  `foto` varchar(255) DEFAULT NULL,
  `alamat` varchar(255) DEFAULT NULL,
  `tlp` varchar(30) DEFAULT NULL,
  `tempat` varchar(255) DEFAULT NULL,
  `tgl` date DEFAULT NULL,
  `qrcode` varchar(255) DEFAULT NULL,
  `code` varchar(255) DEFAULT NULL,
  PRIMARY KEY (`kodedaftar_mahasiswa`),
  KEY `code` (`code`),
  KEY `nim_mahasiswa` (`nim_mahasiswa`)
) ENGINE=InnoDB DEFAULT CHARSET=latin1;

--
-- Dumping data for table `pendaftaran`
--

INSERT INTO `pendaftaran` (`kodedaftar_mahasiswa`, `nim_mahasiswa`, `nama_mahasiswa`, `kelas_mahasiswa`, `semester_mahasiswa`, `tgl_daftar_mahasiswa`, `jam_daftar_mahasiswa`, `total_biaya`, `foto`, `alamat`, `tlp`, `tempat`, `tgl`, `qrcode`, `code`) VALUES
('DFTR0520170001', 12043039, 'HAFANDI SETIAWAN', 'Pagi', 10, '2017-05-23', '02:27:30', 210000, 'DSC_5059.jpg', '', '0', '', '2017-05-23', 'noqrcode.png', NULL),
('DFTR0520170002', 10043013, 'Heru Surya Admaja', 'Sore', 12, '2017-05-23', '15:16:14', 140000, 'DSC_5059.jpg', '', '0', '', '2017-05-23', 'noqrcode.png', NULL),
('DFTR0520170003', 11043019, 'AGUNG EKA PRASTIYA', 'Sore', 12, '2017-05-23', '16:15:39', 70000, 'DSC_5059.jpg', '', '0', '', '2017-05-23', 'noqrcode.png', NULL),
('DFTR0520170004', 1514311087, 'M. Pandu A.', 'Pagi', 4, '2017-05-23', '17:57:50', 140000, 'DSC_5059.jpg', '', '0', '', '2017-05-23', 'noqrcode.png', NULL),
('DFTR0520170005', 1514312088, 'Nugraha Faradmono', 'Pagi', 6, '2017-05-23', '18:07:04', 70000, 'DSC_5059.jpg', '', '0', '', '2017-05-23', 'noqrcode.png', NULL),
('DFTR0520170006', 1514321048, 'Stefanus Ricky P.', 'Sore', 4, '2017-05-23', '18:16:02', 210000, 'DSC_5059.jpg', '', '0', '', '2017-05-23', 'noqrcode.png', NULL),
('DFTR0520170007', 1514321127, 'Rezky Alfan Centaury H.', 'Sore', 4, NULL, NULL, 280000, 'DSC_5059.jpg', '', '0', '', '2017-05-23', NULL, NULL),
('DFTR0620170001', 24121974, 'Dodo Ananto', 'Sore', 1, '2017-06-21', '01:54:30', 140000, 'IMG_20140528_081117.jpg', NULL, NULL, NULL, NULL, NULL, NULL),
('DFTR1220150001', 9043170, 'Rizky Eko P', 'Sore', 1, '2015-12-08', '13:00:00', 350000, 'DSC_5059.jpg', 'Jl. A. Yani', '0', 'Surabaya', '2015-12-08', '9043170Rizky Eko P.png', 'DFTR12201500019043170'),
('DFTR1220150002', 10043034, 'Agung AD', 'Sore', 1, '2015-12-08', '13:00:00', 280000, 'DSC_5059.jpg', 'Jl. A. Yani', '0', 'Surabaya', '2015-12-08', '10043034Agung AD.png', 'DFTR122015000210043034'),
('DFTR1220150003', 10043125, 'M. Makinun Amin', 'Sore', 1, '2015-12-08', '13:00:00', 210000, 'DSC_5059.jpg', 'Jl. A. Yani', '0', 'Surabaya', '2015-12-08', '10043125M Makinun Amin.png', 'DFTR122015000310043125'),
('DFTR1220150004', 11043017, 'Ida Lailatul Qurnia', 'Sore', 1, '2015-12-08', '12:19:22', 70000, 'DSC_5059.jpg', 'Jl. A. Yani', '0', 'Surabaya', '2015-12-08', '11043017Ida Lailatul Qurnia.png', 'DFTR122015000411043017'),
('DFTR1220150005', 11043028, 'Moch Zainul Ichwan', 'Sore', 1, '2015-12-08', '13:00:00', 70000, 'DSC_5059.jpg', 'Jl. A. Yani', '0', 'Surabaya', '2015-12-08', '11043028Moch Zainul Ichwan.png', 'DFTR122015000511043028'),
('DFTR1220150006', 11043036, 'Nur Vidi Ratnasari', 'Sore', 1, '2015-12-08', '13:00:00', 70000, 'DSC_5059.jpg', 'Jl. A. Yani', '0', 'Surabaya', '2015-12-08', '11043036Nur Vidi Ratnasari.png', 'DFTR122015000611043036'),
('DFTR1220150007', 11043050, 'Fardi Fattas R.', 'Sore', 1, '2015-12-08', '13:00:00', 70000, 'DSC_5059.jpg', 'Jl. A. Yani', '0', 'Surabaya', '2015-12-08', '11043050Fardi Fattas R.png', 'DFTR122015000711043050'),
('DFTR1220150008', 11043065, 'Sona Ahmad', 'Sore', 1, '2015-12-08', '13:00:00', 140000, 'DSC_5059.jpg', 'Jl. A. Yani', '0', 'Surabaya', '2015-12-08', '11043065Sona Ahmad.png', 'DFTR122015000811043065'),
('DFTR1220150009', 11043074, 'Bagus Apriyanto', 'Sore', 1, '2015-12-08', '13:00:00', 70000, 'DSC_5059.jpg', 'Jl. A. Yani', '0', 'Surabaya', '2015-12-08', '11043074Bagus Apriyanto.png', 'DFTR122015000911043074'),
('DFTR1220150010', 11043079, 'Argo Sadewo', 'Sore', 1, '2015-12-08', '13:00:00', 70000, 'DSC_5059.jpg', 'Jl. A. Yani', '0', 'Surabaya', '2015-12-08', '11043079Argo Sadewo.png', 'DFTR122015001011043079'),
('DFTR1220150011', 11043125, 'Jamilatul R', 'Pagi', 1, '2015-12-08', '13:00:00', 210000, 'DSC_5059.jpg', 'Jl. A. Yani', '0', 'Surabaya', '2015-12-08', '11043125Jamilatul R.png', 'DFTR122015001111043125'),
('DFTR1220150012', 11043182, 'Fuad Afandi', 'Sore', 1, '2015-12-08', '13:00:00', 70000, 'DSC_5059.jpg', 'Jl. A. Yani', '0', 'Surabaya', '2015-12-08', '11043182Fuad Afandi.png', 'DFTR122015001211043182'),
('DFTR1220150013', 12043020, 'Dwi Aninda', 'Sore', 1, '2015-12-08', '13:00:00', 140000, 'DSC_5059.jpg', 'Jl. A. Yani', '0', 'Surabaya', '2015-12-08', '12043020Dwi Aninda.png', 'DFTR122015001312043020'),
('DFTR1220150014', 12043023, 'Elta Deka W.', 'Pagi', 1, '2015-12-08', '13:00:00', 70000, 'DSC_5059.jpg', 'Jl. A. Yani', '0', 'Surabaya', '2015-12-08', '12043023Elta Deka W.png', 'DFTR122015001412043023'),
('DFTR1220150015', 12043029, 'Ade Putra', 'Sore', 1, '2015-12-08', '13:00:00', 140000, 'DSC_5059.jpg', 'Jl. A. Yani', '0', 'Surabaya', '2015-12-08', '12043029Ade Putra.png', 'DFTR122015001512043029'),
('DFTR1220150016', 12043038, 'Indah Sri R.', 'Pagi', 1, '2015-12-08', '13:00:00', 70000, 'DSC_5059.jpg', 'Jl. A. Yani', '0', 'Surabaya', '2015-12-08', '12043038Indah Sri R.png', 'DFTR122015001612043038'),
('DFTR1220150017', 12043035, 'Prana', 'Sore', 1, '2015-12-08', '13:00:00', 140000, 'DSC_5059.jpg', 'Jl. A. Yani', '0', 'Surabaya', '2015-12-08', '12043035Prana.png', 'DFTR122015001712043035'),
('DFTR1220150018', 12043037, 'Chusnul Astri C', 'Pagi', 1, '2015-12-08', '13:00:00', 70000, 'DSC_5059.jpg', 'Jl. A. Yani', '0', 'Surabaya', '2015-12-08', '12043037Chusnul Astri C.png', 'DFTR122015001812043037'),
('DFTR1220150019', 12043043, 'M Zainal Abidin', 'Sore', 1, '2015-12-08', '13:00:00', 140000, 'DSC_5059.jpg', 'Jl. A. Yani', '0', 'Surabaya', '2015-12-08', '12043043M Zainal Abidin.png', 'DFTR122015001912043043'),
('DFTR1220150020', 12043066, 'Selvy Iswidawan', 'Sore', 1, '2015-12-08', '13:00:00', 70000, 'DSC_5059.jpg', 'Jl. A. Yani', '0', 'Surabaya', '2015-12-08', '12043066Selvy Iswidawan.png', 'DFTR122015002012043066'),
('DFTR1220150021', 12043078, 'Bagus Puji Candra S', 'Pagi', 1, '2015-12-08', '13:00:00', 140000, 'DSC_5059.jpg', 'Jl. A. Yani', '0', 'Surabaya', '2015-12-08', '12043078Bagus Puji Candra S.png', 'DFTR122015002112043078'),
('DFTR1220150022', 12043084, 'Ranny Kurnia P. S.', 'Pagi', 1, '2015-12-08', '13:00:00', 70000, 'DSC_5059.jpg', 'Jl. A. Yani', '0', 'Surabaya', '2015-12-08', '12043084Ranny Kurnia P S.png', 'DFTR122015002212043084'),
('DFTR1220150023', 12043099, 'Nafian Saiful Huda', 'Pagi', 1, '2015-12-08', '13:00:00', 140000, 'DSC_5059.jpg', 'Jl. A. Yani', '0', 'Surabaya', '2015-12-08', '12043099Nafian Saiful Huda.png', 'DFTR122015002312043099'),
('DFTR1220150024', 12043100, 'Fadhilatus Sholihah', 'Pagi', 1, '2015-12-08', '13:00:00', 140000, 'DSC_5059.jpg', 'Jl. A. Yani', '0', 'Surabaya', '2015-12-08', '12043100Fadhilatus Sholihah.png', 'DFTR122015002412043100'),
('DFTR1220150025', 12043103, 'Azyyati Nur S.W.', 'Sore', 1, '2015-12-08', '13:00:00', 140000, 'DSC_5059.jpg', 'Jl. A. Yani', '0', 'Surabaya', '2015-12-08', '12043103Azyyati Nur SW.png', 'DFTR122015002512043103'),
('DFTR1220150026', 12043115, 'Budi Kristianto', 'Sore', 1, '2015-12-08', '13:00:00', 210000, 'DSC_5059.jpg', 'Jl. A. Yani', '0', 'Surabaya', '2015-12-08', '12043115Budi Kristianto.png', 'DFTR122015002612043115'),
('DFTR1220150027', 12043125, 'Zamilatun Nisfiyah', 'Pagi', 1, '2015-12-08', '13:00:00', 140000, 'DSC_5059.jpg', 'Jl. A. Yani', '0', 'Surabaya', '2015-12-08', '12043125Zamilatun Nisfiyah.png', 'DFTR122015002712043125'),
('DFTR1220150028', 12043128, 'Moh Duha H', 'Pagi', 1, '2015-12-08', '13:00:00', 140000, 'DSC_5059.jpg', 'Jl. A. Yani', '0', 'Surabaya', '2015-12-08', '12043128Moh Duha H.png', 'DFTR122015002812043128'),
('DFTR1220150029', 12043134, 'Ihdin Ahmad Zhuda', 'Pagi', 1, '2015-12-08', '13:00:00', 140000, 'DSC_5059.jpg', 'Jl. A. Yani', '0', 'Surabaya', '2015-12-08', '12043134Ihdin Ahmad Zhuda.png', 'DFTR122015002912043134'),
('DFTR1220150030', 12043151, 'Ach. Bayu R.', 'Pagi', 1, '2015-12-08', '13:00:00', 140000, 'DSC_5059.jpg', 'Jl. A. Yani', '0', 'Surabaya', '2015-12-08', '12043151Ach Bayu R.png', 'DFTR122015003012043151'),
('DFTR1220150031', 12043153, 'Rizky Yudha', 'Pagi', 1, '2015-12-08', '13:00:00', 140000, 'DSC_5059.jpg', 'Jl. A. Yani', '0', 'Surabaya', '2015-12-08', '12043153Rizky Yudha.png', 'DFTR122015003112043153'),
('DFTR1220150032', 12043155, 'Yudha Cahya', 'Sore', 1, '2015-12-08', '13:00:00', 140000, 'DSC_5059.jpg', 'Jl. A. Yani', '0', 'Surabaya', '2015-12-08', '12043155Yudha Cahya.png', 'DFTR122015003212043155'),
('DFTR1220150033', 13043003, 'Adi Kriswanto', 'Sore', 6, '2015-12-08', '13:00:00', 140000, 'adi.jpg', 'Jl. Sumur Welut RT 1 RW 1 Lakar Santri Surabaya', '089614904045', 'Sidoarjo', '1994-02-13', '13043003Adi Kriswanto.png', 'DFTR122015003313043003'),
('DFTR1220150034', 13043004, 'Krisna Setiawan', 'Pagi', 1, '2015-12-08', '13:00:00', 280000, 'DSC_5059.jpg', 'Jl. A. Yani', '0', 'Surabaya', '2015-12-08', '13043004Krisna Setiawan.png', 'DFTR122015003413043004'),
('DFTR1220150035', 13043005, 'Efendi Ibrahim Fauzi', 'Sore', 1, '2015-12-08', '13:00:00', 350000, 'DSC_5059.jpg', 'Jl. A. Yani', '0', 'Surabaya', '2015-12-08', '13043005Efendi Ibrahim Fauzi.png', 'DFTR122015003513043005'),
('DFTR1220150036', 13043008, 'Riyanto', 'Sore', 1, '2015-12-08', '13:00:00', 210000, 'DSC_5059.jpg', 'Jl. A. Yani', '0', 'Surabaya', '2015-12-08', '13043008Riyanto.png', 'DFTR122015003613043008'),
('DFTR1220150037', 13043015, 'Umrotul Mufidah', 'Pagi', 1, '2015-12-08', '13:00:00', 280000, 'vida.jpg', 'Jl. A. Yani', '0', 'Surabaya', '2015-12-08', '13043015Umrotul Mufidah.png', 'DFTR122015003713043015'),
('DFTR1220150038', 13043018, 'Mochammad Rizqi', 'Sore', 1, '2015-12-08', '13:00:00', 140000, 'DSC_5059.jpg', 'Jl. A. Yani', '0', 'Surabaya', '2015-12-08', '13043018Mochammad Rizqi.png', 'DFTR122015003813043018'),
('DFTR1220150039', 13043032, 'Tyon Dwi Minarno', 'Sore', 1, '2015-12-08', '13:00:00', 140000, 'DSC_5059.jpg', 'Jl. A. Yani', '0', 'Surabaya', '2015-12-08', '13043032Tyon Dwi Minarno.png', 'DFTR122015003913043032'),
('DFTR1220150040', 13043035, 'M Fachrudin S', 'Sore', 1, '2015-12-08', '13:00:00', 140000, 'DSC_5059.jpg', 'Jl. A. Yani', '0', 'Surabaya', '2015-12-08', '13043035M Fachrudin S.png', 'DFTR122015004013043035'),
('DFTR1220150041', 13043038, 'Ali Ubaidillah', 'Sore', 3, '2015-12-08', '13:00:00', 140000, 'DSC_5059.jpg', 'Jl. A. Yani', '0', 'Surabaya', '2015-12-08', '13043038Ali Ubaidillah.png', 'DFTR122015004113043038'),
('DFTR1220150042', 13043042, 'Kharis Ramadhan H', 'Sore', 1, '2015-12-08', '13:00:00', 280000, 'kharis.jpg', 'Jl. A. Yani', '0', 'Surabaya', '2015-12-08', '13043042Kharis Ramadhan H.png', 'DFTR122015004213043042'),
('DFTR1220150043', 13043046, 'Putri Agustin', 'Pagi', 1, '2015-12-08', '13:00:00', 280000, 'DSC_5059.jpg', 'Jl. A. Yani', '0', 'Surabaya', '2015-12-08', '13043046Putri Agustin.png', 'DFTR122015004313043046'),
('DFTR1220150044', 13043049, 'Nanda Kurnia', 'Pagi', 1, '2015-12-08', '13:00:00', 140000, 'DSC_5059.jpg', 'Jl. A. Yani', '0', 'Surabaya', '2015-12-08', '13043049Nanda Kurnia.png', 'DFTR122015004413043049'),
('DFTR1220150045', 13043053, 'Andri Maya Ramdhani', 'Sore', 1, '2015-12-08', '13:00:00', 210000, 'DSC_5059.jpg', 'Jl. A. Yani', '0', 'Surabaya', '2015-12-08', '13043053Andri Maya Ramdhani.png', 'DFTR122015004513043053'),
('DFTR1220150046', 13043054, 'Yogig Ary F', 'Sore', 1, '2015-12-08', '13:00:00', 140000, 'DSC_5059.jpg', 'Jl. A. Yani', '0', 'Surabaya', '2015-12-08', '13043054Yogig Ary F.png', 'DFTR122015004613043054'),
('DFTR1220150047', 13043057, 'Muhammad Rosyid  Kurniawan', 'Sore', 1, '2015-12-08', '13:00:00', 140000, 'DSC_5059.jpg', 'Jl. A. Yani', '0', 'Surabaya', '2015-12-08', '13043057Muhammad Rosyid  Kurniawan.png', 'DFTR122015004713043057'),
('DFTR1220150048', 13043058, 'Anggun Prasetyo', 'Sore', 1, '2015-12-08', '13:00:00', 140000, 'DSC_5059.jpg', 'Jl. A. Yani', '0', 'Surabaya', '2015-12-08', '13043058Anggun Prasetyo.png', 'DFTR122015004813043058'),
('DFTR1220150049', 13043060, 'Tri Yogi Rizki', 'Sore', 1, '2015-12-08', '13:00:00', 210000, 'DSC_5059.jpg', 'Jl. A. Yani', '0', 'Surabaya', '2015-12-08', '13043060Tro Yogi Rizki.png', 'DFTR122015004913043060'),
('DFTR1220150050', 13043061, 'Abdul Muis', 'Pagi', 5, '2015-12-08', '13:00:00', 210000, 'muis.jpg', 'Jl. A. Yani', '0', 'Surabaya', '2015-12-08', '13043061Abdul Muis.png', 'DFTR122015005013043061'),
('DFTR1220150051', 13043062, 'Nindya Nirmala', 'Pagi', 1, '2015-12-08', '13:00:00', 280000, 'nidya.jpg', 'Jl. A. Yani', '0', 'Surabaya', '2015-12-08', '13043062Nindya Nirmala.png', 'DFTR122015005113043062'),
('DFTR1220150052', 13043064, 'Achmad Aziz F', 'Pagi', 1, '2015-12-08', '13:00:00', 70000, 'DSC_5059.jpg', 'Jl. A. Yani', '0', 'Surabaya', '2015-12-08', '13043064Achmad Aziz F.png', 'DFTR122015005213043064'),
('DFTR1220150053', 13043079, 'Siti Yulianah', 'Sore', 1, '2015-12-08', '13:00:00', 280000, 'DSC_5059.jpg', 'Jl. A. Yani', '0', 'Surabaya', '2015-12-08', '13043079Siti Yulianah.png', 'DFTR122015005313043079'),
('DFTR1220150054', 13043083, 'Eva Setya W', 'Pagi', 1, '2015-12-08', '13:00:00', 210000, 'eva.jpg', 'Jl. A. Yani', '0', 'Surabaya', '2015-12-08', '13043083Eva Setya W.png', 'DFTR122015005413043083'),
('DFTR1220150055', 13043088, 'Yulidno Hadi', 'Sore', 1, '2015-12-08', '13:00:00', 140000, 'DSC_5059.jpg', 'Jl. A. Yani', '0', 'Surabaya', '2015-12-08', '13043088Yulidno Hadi.png', 'DFTR122015005513043088'),
('DFTR1220150056', 13043090, 'Putri Novrizky', 'Pagi', 1, '2015-12-08', '13:00:00', 280000, 'Untitled-1.jpg', 'Jl. A. Yani', '0', 'Surabaya', '2015-12-08', '13043090Putri Novrizky.png', 'DFTR122015005613043090'),
('DFTR1220150057', 13043093, 'Dwiki Ashari K', 'Sore', 1, '2015-12-08', '13:00:00', 70000, 'DSC_5059.jpg', 'Jl. A. Yani', '0', 'Surabaya', '2015-12-08', '13043093Dwiki Ashari K.png', 'DFTR122015005713043093'),
('DFTR1220150058', 13043099, 'Dani Marido', 'Sore', 1, '2015-12-08', '13:00:00', 280000, 'DSC_5059.jpg', 'Jl. A. Yani', '0', 'Surabaya', '2015-12-08', '13043099Dani Marido.png', 'DFTR122015005813043099'),
('DFTR1220150059', 13043107, 'Muhammad Fatchur Rozi', 'Pagi', 1, '2015-12-08', '13:00:00', 140000, 'DSC_5059.jpg', 'Jl. A. Yani', '0', 'Surabaya', '2015-12-08', '13043107Muhammad Fatchur Rozi.png', 'DFTR122015005913043107'),
('DFTR1220150060', 13043118, 'Puri Ken Andari', 'Sore', 1, '2015-12-08', '13:00:00', 280000, 'DSC_5059.jpg', 'Jl. A. Yani', '0', 'Surabaya', '2015-12-08', '13043118Puri Ken Andari.png', 'DFTR122015006013043118'),
('DFTR1220150061', 13043120, 'Wemmy Eka K', 'Sore', 1, '2015-12-08', '13:00:00', 350000, 'DSC_5059.jpg', 'Jl. A. Yani', '0', 'Surabaya', '2015-12-08', '13043120Wemmy Eka K.png', 'DFTR122015006113043120'),
('DFTR1220150062', 13043125, 'Aini Nur', 'Pagi', 1, '2015-12-08', '13:00:00', 350000, 'DSC_5059.jpg', 'Jl. A. Yani', '0', 'Surabaya', '2015-12-08', '13043125Aini Nur.png', 'DFTR122015006213043125'),
('DFTR1220150063', 13043126, 'Aris Nurcahyono', 'Sore', 1, '2015-12-08', '13:00:00', 280000, 'DSC_5059.jpg', 'Jl. A. Yani', '0', 'Surabaya', '2015-12-08', '13043126Aris Nurcahyono.png', 'DFTR122015006313043126'),
('DFTR1220150064', 14043003, 'Bryan Arman S', 'Pagi', 1, '2015-12-08', '13:00:00', 210000, 'DSC_5059.jpg', 'Jl. A. Yani', '0', 'Surabaya', '2015-12-08', '14043003Bryan Arman S.png', 'DFTR122015006414043003'),
('DFTR1220150065', 14043004, 'Wildhansyah Rokhman Putra', 'Sore', 1, '2015-12-08', '13:00:00', 140000, 'DSC_5059.jpg', 'Jl. A. Yani', '0', 'Surabaya', '2015-12-08', '14043004Wildhansyah Rokhman Putra.png', 'DFTR122015006514043004'),
('DFTR1220150066', 14043005, 'Fajar Kurniawan', 'Pagi', 1, '2015-12-08', '13:00:00', 210000, 'DSC_5059.jpg', 'Jl. A. Yani', '0', 'Surabaya', '2015-12-08', '14043005Fajar Kurniawan.png', 'DFTR122015006614043005'),
('DFTR1220150067', 14043006, 'Andriano Lukas', 'Sore', 1, '2015-12-08', '13:00:00', 140000, 'DSC_5059.jpg', 'Jl. A. Yani', '0', 'Surabaya', '2015-12-08', '14043006Andriano Lukas.png', 'DFTR122015006714043006'),
('DFTR1220150068', 14043007, 'Ayu Nur Qomania', 'Sore', 1, '2015-12-08', '13:00:00', 280000, 'DSC_5059.jpg', 'Jl. A. Yani', '0', 'Surabaya', '2015-12-08', '14043007Ayu Nur Qomania.png', 'DFTR122015006814043007'),
('DFTR1220150069', 14043008, 'Achmad  Fathoni', 'Sore', 1, '2015-12-08', '13:00:00', 140000, 'DSC_5059.jpg', 'Jl. A. Yani', '0', 'Surabaya', '2015-12-08', '14043008Achmad  Fathoni.png', 'DFTR122015006914043008'),
('DFTR1220150070', 14043009, 'Andi Alfian Efendi', 'Sore', 1, '2015-12-08', '13:00:00', 280000, 'DSC_5059.jpg', 'Jl. A. Yani', '0', 'Surabaya', '2015-12-08', '14043009Andi Alfian Efendi.png', 'DFTR122015007014043009'),
('DFTR1220150071', 14043010, 'Isralita Ludiana P', 'Pagi', 1, '2015-12-08', '13:00:00', 140000, 'DSC_5059.jpg', 'Jl. A. Yani', '0', 'Surabaya', '2015-12-08', '14043010Isralita Ludiana P.png', 'DFTR122015007114043010'),
('DFTR1220150072', 14043012, 'Fajrul Islam', 'Sore', 1, '2015-12-08', '13:00:00', 140000, 'DSC_5059.jpg', 'Jl. A. Yani', '0', 'Surabaya', '2015-12-08', '14043012Fajrul Islam.png', 'DFTR122015007214043012'),
('DFTR1220150073', 14043015, 'Rizky Afrianto', 'Pagi', 3, '2015-12-08', '13:00:00', 140000, 'jisung.jpg', 'Jl.Sono Indah Utara Gg 4 No 10 Rt 06 Rw 05 Sidokerto, Buduran, Sidoarjo', '0', 'Surabaya', '1994-04-08', '14043015Rizky Afriyanto.png', 'DFTR122015007314043015'),
('DFTR1220150074', 14043016, 'Ilham Walid', 'Pagi', 1, '2015-12-08', '13:00:00', 210000, 'ilham.jpg', 'Jl.Raya Buncitan', '0', 'Sidoarjo', '1994-11-25', '14043016Ilham Walid.png', 'DFTR122015007414043016'),
('DFTR1220150075', 14043020, 'Dimas Lutfi Pratama Putra', 'Sore', 1, '2015-12-08', '13:00:00', 280000, 'DSC_5059.jpg', 'Jl. A. Yani', '0', 'Surabaya', '2015-12-08', '14043020Dimas Lutfi Pratama Putra.png', 'DFTR122015007514043020'),
('DFTR1220150076', 14043021, 'Muhammad Diaz A', 'Sore', 1, '2015-12-08', '13:00:00', 280000, 'DSC_5059.jpg', 'Jl. A. Yani', '0', 'Surabaya', '2015-12-08', '14043021Muhammad Diaz A.png', 'DFTR122015007614043021'),
('DFTR1220150077', 14043022, 'Richi Aprilio Pratama', 'Sore', 1, '2015-12-08', '13:00:00', 210000, 'DSC_5059.jpg', 'Jl. A. Yani', '0', 'Surabaya', '2015-12-08', '14043022Richi Aprilio Pratama.png', 'DFTR122015007714043022'),
('DFTR1220150078', 14043024, 'Agnes Fridawati', 'Sore', 1, '2015-12-08', '13:00:00', 210000, 'DSC_5059.jpg', 'Jl. A. Yani', '0', 'Surabaya', '2015-12-08', '14043024Agnes Fridawati.png', 'DFTR122015007814043024'),
('DFTR1220150079', 14043025, 'Agus Bintoro', 'Sore', 1, '2015-12-08', '13:00:00', 140000, 'DSC_5059.jpg', 'Jl. A. Yani', '0', 'Surabaya', '2015-12-08', '14043025Agus Bintoro.png', 'DFTR122015007914043025'),
('DFTR1220150080', 14043026, 'Norista Firdianto', 'Pagi', 1, '2015-12-08', '13:00:00', 210000, 'DSC_5059.jpg', 'Jl. A. Yani', '0', 'Surabaya', '2015-12-08', '14043026Norista Firdianto.png', 'DFTR122015008014043026'),
('DFTR1220150081', 14043029, 'M Bahrur Rozaq', 'Pagi', 1, '2015-12-08', '13:00:00', 280000, 'inyng.jpg', 'Kec.Taman Ds.Krembangan Rt.14 Rw.03', '0', 'Sidoarjo', '1996-09-08', '14043029M Bahrur Rozaq.png', 'DFTR122015008114043029'),
('DFTR1220150082', 14043030, 'M Muhaimin', 'Sore', 1, '2015-12-08', '13:00:00', 140000, 'DSC_5059.jpg', 'Jl. A. Yani', '0', 'Surabaya', '2015-12-08', '14043030M Muhaimin.png', 'DFTR122015008214043030'),
('DFTR1220150083', 14043031, 'Achmad Wicaksono', 'Sore', 1, '2015-12-08', '13:00:00', 210000, 'DSC_5059.jpg', 'Jl. A. Yani', '0', 'Surabaya', '2015-12-08', '14043031Achmad Wicaksono.png', 'DFTR122015008314043031'),
('DFTR1220150084', 14043032, 'Riyan Septa Tri Widodo', 'Sore', 1, '2015-12-08', '13:00:00', 140000, 'riyan_septa.jpg', 'Jln. Wadung Asri Dalam No.42', '0', 'Sidoarjo', '1995-09-22', '14043032Riyan Septa Tri Widodo.png', 'DFTR122015008414043032'),
('DFTR1220150085', 14043033, 'Lilik Mukhibah', 'Sore', 1, '2015-12-08', '13:00:00', 280000, 'DSC_5059.jpg', 'Jl. A. Yani', '0', 'Surabaya', '2015-12-08', '14043033Lilik Mukhibah.png', 'DFTR122015008514043033'),
('DFTR1220150086', 14043034, 'Achmad Dwi Nur Rochim', 'Sore', 1, '2015-12-08', '13:00:00', 140000, 'DSC_5059.jpg', 'Jl. A. Yani', '0', 'Surabaya', '2015-12-08', '14043034Achmad Dwi Nur Rochim.png', 'DFTR122015008614043034'),
('DFTR1220150087', 14043035, 'Aulia Urobbi', 'Sore', 1, '2015-12-08', '13:00:00', 210000, 'DSC_5059.jpg', 'Jl. A. Yani', '0', 'Surabaya', '2015-12-08', '14043035Aulia Urobbi.png', 'DFTR122015008714043035'),
('DFTR1220150088', 14043039, 'Reni Vivit Ayu Mawarti', 'Pagi', 1, '2015-12-08', '13:00:00', 210000, 'DSC_5059.jpg', 'Jl. A. Yani', '0', 'Surabaya', '2015-12-08', '14043039Reni Vivit Ayu Mawarti.png', 'DFTR122015008814043039'),
('DFTR1220150089', 14043040, 'Ardy Arif A', 'Sore', 1, '2015-12-08', '13:00:00', 140000, 'DSC_5059.jpg', 'Jl. A. Yani', '0', 'Surabaya', '2015-12-08', '14043040Ardy Arif A.png', 'DFTR122015008914043040'),
('DFTR1220150090', 14043042, 'Ika puspita A', 'Sore', 1, '2015-12-08', '13:00:00', 140000, 'DSC_5059.jpg', 'Jl. A. Yani', '0', 'Surabaya', '2015-12-08', '14043042Ika puspita A.png', 'DFTR122015009014043042'),
('DFTR1220150091', 14043044, 'Dedhi Ridwan Dani', 'Pagi', 1, '2015-12-08', '13:00:00', 140000, 'DSC_5059.jpg', 'Jl. A. Yani', '0', 'Surabaya', '2015-12-08', '14043044Dedhi Ridwan Dani.png', 'DFTR122015009114043044'),
('DFTR1220150092', 14043045, 'Eko Dwi Setiawan', 'Sore', 1, '2015-12-08', '13:00:00', 140000, 'DSC_5059.jpg', 'Jl. A. Yani', '0', 'Surabaya', '2015-12-08', '14043045Eko Dwi Setiawan.png', 'DFTR122015009214043045'),
('DFTR1220150093', 14043046, 'Riza Alfi S.', 'Pagi', 1, '2015-12-08', '13:00:00', 210000, 'DSC_5059.jpg', 'Permata Sukodono Raya B.2 No.4', '0', 'Surabaya', '1996-09-17', '14043046Riza Alfi S.png', 'DFTR122015009314043046'),
('DFTR1220150094', 14043048, 'Giovana Pradana', 'Pagi', 1, '2015-12-08', '13:00:00', 140000, 'DSC_5059.jpg', 'Jl. A. Yani', '0', 'Surabaya', '2015-12-08', '14043048Giovana Pradana.png', 'DFTR122015009414043048'),
('DFTR1220150095', 14043052, 'Christian', 'Pagi', 1, '2015-12-08', '13:00:00', 140000, 'DSC_5059.jpg', 'Jl. A. Yani', '0', 'Surabaya', '2015-12-08', '14043052Christian.png', 'DFTR122015009514043052'),
('DFTR1220150096', 14043053, 'Tio Pambudi', 'Sore', 1, '2015-12-08', '13:00:00', 140000, 'DSC_5059.jpg', 'Jl. A. Yani', '0', 'Surabaya', '2015-12-08', '14043053Tio Pambudi.png', 'DFTR122015009614043053'),
('DFTR1220150097', 14043055, 'Januarko Rio P', 'Pagi', 1, '2015-12-08', '13:00:00', 140000, 'DSC_5059.jpg', 'Jl. A. Yani', '0', 'Surabaya', '2015-12-08', '14043055Januarko Rio P.png', 'DFTR122015009714043055'),
('DFTR1220150098', 14043056, 'Danny Adrianto', 'Sore', 1, '2015-12-08', '13:00:00', 140000, 'DSC_5059.jpg', 'Jl. A. Yani', '0', 'Surabaya', '2015-12-08', '14043056Danny Adrianto.png', 'DFTR122015009814043056'),
('DFTR1220150099', 14043057, 'Elita Surya Wardhanny', 'Sore', 1, '2015-12-08', '13:00:00', 140000, 'DSC_5059.jpg', 'Jl. A. Yani', '0', 'Surabaya', '2015-12-08', '14043057Elita Surya Wardhanny.png', 'DFTR122015009914043057'),
('DFTR1220150100', 14043058, 'Achmad Chusnul M', 'Pagi', 1, '2015-12-08', '13:00:00', 140000, 'DSC_5059.jpg', 'Jl. A. Yani', '0', 'Surabaya', '2015-12-08', '14043058Achmad Chusnul M.png', 'DFTR122015010014043058'),
('DFTR1220150101', 14043059, 'Ach Yusih Budi', 'Pagi', 1, '2015-12-08', '13:00:00', 140000, 'DSC_5059.jpg', 'Sukodono, Jumputrejo, Sidoarjo', '0', 'Sidoarjo', '1996-01-02', '14043059Ach Yusih Budi.png', 'DFTR122015010114043059'),
('DFTR1220150102', 14043060, 'Ardina Anggie C', 'Pagi', 1, '2015-12-08', '13:00:00', 140000, 'DSC_5059.jpg', 'Jl. A. Yani', '0', 'Surabaya', '2015-12-08', '14043060Ardina Anggie C.png', 'DFTR122015010214043060'),
('DFTR1220150103', 14043061, 'Dhony Adi Prasetya', 'Pagi', 1, '2015-12-08', '13:00:00', 140000, 'DSC_5059.jpg', 'Jl.Jend S.Parman 6/17 Waru', '0', 'Sidoarjo', '1995-11-30', '14043061Dhony Adi Prasetya.png', 'DFTR122015010314043061'),
('DFTR1220150104', 14043062, 'M Irfan P', 'Pagi', 1, '2015-12-08', '13:00:00', 210000, 'DSC_5059.jpg', 'Jl. A. Yani', '0', 'Surabaya', '2015-12-08', '14043062M Irfan P.png', 'DFTR122015010414043062'),
('DFTR1220150105', 14043063, 'Akhmad Fitroni', 'Pagi', 1, '2015-12-08', '13:00:00', 140000, 'DSC_5059.jpg', 'Jl. A. Yani', '0', 'Surabaya', '2015-12-08', '14043063Akhmad Fitroni.png', 'DFTR122015010514043063'),
('DFTR1220150106', 14043064, 'Irine Ratih Paramitha', 'Pagi', 1, '2015-12-08', '13:00:00', 210000, 'DSC_5059.jpg', 'Jl. A. Yani', '0', 'Surabaya', '2015-12-08', '14043064Irine Ratih Paramitha.png', 'DFTR122015010614043064'),
('DFTR1220150107', 14043065, 'Mahmud Zaki', 'Sore', 1, '2015-12-08', '13:00:00', 140000, 'DSC_5059.jpg', 'Jl. A. Yani', '0', 'Surabaya', '2015-12-08', '14043065Mahmud Zaki.png', 'DFTR122015010714043065'),
('DFTR1220150108', 14043066, 'Iqwan Sigih Setya', 'Sore', 1, '2015-12-08', '13:00:00', 140000, 'DSC_5059.jpg', 'Jl. A. Yani', '0', 'Surabaya', '2015-12-08', '14043066Iqwan Sigih Setya.png', 'DFTR122015010814043066'),
('DFTR1220150109', 14043067, 'Mochammad Dimas Rangga P', 'Pagi', 1, '2015-12-08', '13:00:00', 210000, 'DSC_5059.jpg', 'Jl. A. Yani', '0', 'Surabaya', '2015-12-08', '14043067Mochammad Dimas Rangga P.png', 'DFTR122015010914043067'),
('DFTR1220150110', 14043070, 'Wanda Ade S ', 'Sore', 1, '2015-12-08', '13:00:00', 140000, 'DSC_5059.jpg', 'Jl. A. Yani', '0', 'Surabaya', '2015-12-08', '14043070Wanda Ade S .png', 'DFTR122015011014043070'),
('DFTR1220150111', 14043073, 'Budi Santoso', 'Pagi', 1, '2015-12-08', '13:00:00', 210000, 'DSC_5059.jpg', 'Jl. A. Yani', '0', 'Surabaya', '2015-12-08', '14043073Budi Santoso.png', 'DFTR122015011114043073'),
('DFTR1220150112', 14043074, 'Fatimah Al Faruq', 'Sore', 1, '2015-12-08', '13:00:00', 210000, 'DSC_5059.jpg', 'Jl. A. Yani', '0', 'Surabaya', '2015-12-08', '14043074Fatimah Al Faruq.png', 'DFTR122015011214043074'),
('DFTR1220150113', 14043075, 'Kurnia Danu Aji', 'Sore', 1, '2015-12-08', '13:00:00', 140000, 'DSC_5059.jpg', 'Jl. A. Yani', '0', 'Surabaya', '2015-12-08', '14043075Kurnia Danu Aji.png', 'DFTR122015011314043075'),
('DFTR1220150114', 14043076, 'Putri Nur Qomarie R', 'Pagi', 1, '2015-12-08', '13:00:00', 280000, 'DSC_5059.jpg', 'Jl. A. Yani', '0', 'Surabaya', '2015-12-08', '14043076Putri Nur Qomarie R.png', 'DFTR122015011414043076'),
('DFTR1220150115', 14043078, 'Danang Prakoso', 'Sore', 1, '2015-12-08', '13:00:00', 140000, 'DSC_5059.jpg', 'Jl. A. Yani', '0', 'Surabaya', '2015-12-08', '14043078Danang Prakoso.png', 'DFTR122015011514043078'),
('DFTR1220150116', 14043079, 'M Harris F', 'Sore', 1, '2015-12-08', '13:00:00', 140000, 'DSC_5059.jpg', 'Jl. A. Yani', '0', 'Surabaya', '2015-12-08', '14043079M Harris F.png', 'DFTR122015011614043079'),
('DFTR1220150117', 14043080, 'Bryan Arganata', 'Sore', 1, '2015-12-08', '13:00:00', 140000, 'DSC_5059.jpg', 'Jl. A. Yani', '0', 'Surabaya', '2015-12-08', '14043080Bryan Arganata.png', 'DFTR122015011714043080'),
('DFTR1220150118', 14043081, 'Omega Dwi Meilando K', 'Pagi', 1, '2015-12-08', '13:00:00', 280000, 'omega.jpg', 'Jl. A. Yani', '0', 'Surabaya', '2015-12-08', '14043081Omega Dwi Meilando K.png', 'DFTR122015011814043081'),
('DFTR1220150119', 14043082, 'Dzulfikar Wahyu Rosidi', 'Sore', 1, '2015-12-08', '13:00:00', 140000, 'DSC_5059.jpg', 'Jl. A. Yani', '0', 'Surabaya', '2015-12-08', '14043082Dzulfikar Wahyu Rosidi.png', 'DFTR122015011914043082'),
('DFTR1220150120', 14043083, 'Renza Ilham Rizqi', 'Pagi', 1, '2015-12-08', '13:00:00', 280000, 'renza.jpg', 'Karangbong 03/03 No.439 Gedangan, Sidoarjo', '0', 'Gorontalo', '1995-11-13', '14043083Renza Ilham Rizqi.png', 'DFTR122015012014043083'),
('DFTR1220150121', 14043085, 'Dedi Ahmad P', 'Sore', 1, '2015-12-08', '13:00:00', 280000, 'DSC_5059.jpg', 'Jl. A. Yani', '0', 'Surabaya', '2015-12-08', '14043085Dedi Ahmad P.png', 'DFTR122015012114043085'),
('DFTR1220150122', 14043087, 'Agasta Putra', 'Pagi', 1, '2015-12-08', '13:00:00', 140000, 'DSC_5059.jpg', 'Jl. A. Yani', '0', 'Surabaya', '2015-12-08', '14043087Agasta Putra.png', 'DFTR122015012214043087'),
('DFTR1220150123', 14043088, 'Mustofa', 'Sore', 1, '2015-12-08', '13:00:00', 280000, 'DSC_5059.jpg', 'Jl. A. Yani', '0', 'Surabaya', '2015-12-08', '14043088Mustofa.png', 'DFTR122015012314043088'),
('DFTR1220150124', 14043089, 'Sundariyah', 'Pagi', 1, '2015-12-08', '13:00:00', 210000, 'DSC_5059.jpg', 'Jl. A. Yani', '0', 'Surabaya', '2015-12-08', '14043089Sudaryah.png', 'DFTR122015012414043089'),
('DFTR1220150125', 14043090, 'Ayu Dwi S', 'Pagi', 1, '2015-12-08', '13:00:00', 280000, 'ayu.jpg', 'Kutisari Selatan 2c/3', '0', 'Surabaya', '1995-06-03', '14043090Ayu Dwi S.png', 'DFTR122015012514043090'),
('DFTR1220150126', 14043091, 'Dina Zahrotul Fadhila', 'Sore', 1, '2015-12-08', '13:00:00', 140000, 'DSC_5059.jpg', 'Jl. A. Yani', '0', 'Surabaya', '2015-12-08', '14043091Dina Zahrotul Fadhila.png', 'DFTR122015012614043091'),
('DFTR1220150127', 14043093, 'Busyro Alkarim', 'Sore', 1, '2015-12-08', '13:00:00', 140000, 'DSC_5059.jpg', 'Jl. A. Yani', '0', 'Surabaya', '2015-12-08', '14043093Busyro Alkarim.png', 'DFTR122015012714043093'),
('DFTR1220150128', 14043094, 'Nurul Azizah R', 'Pagi', 1, '2015-12-08', '13:00:00', 210000, 'DSC_5059.jpg', 'Jl. A. Yani', '0', 'Surabaya', '2015-12-08', '14043094Nurul Azizah R.png', 'DFTR122015012814043094'),
('DFTR1220150129', 14043095, 'Dwi Efendi', 'Pagi', 1, '2015-12-08', '13:00:00', 210000, 'DSC_5059.jpg', 'Jl. A. Yani', '0', 'Surabaya', '2015-12-08', '14043095Dwi Efendi.png', 'DFTR122015012914043095'),
('DFTR1220150130', 14043097, 'Husnul Khotimah', 'Pagi', 1, '2015-12-08', '13:00:00', 210000, 'DSC_5059.jpg', 'Jl.Gayungan Gan 5 No.14', '0', 'Probolinggo', '2015-03-07', '14043097Husnul Khotimah.png', 'DFTR122015013014043097'),
('DFTR1220150131', 14043098, 'Ravi Rizky Bayu P', 'Pagi', 1, '2015-12-08', '13:00:00', 210000, 'ravi.jpg', 'Krembangan Jaya Utara 9/50 A', '0', 'Surabaya', '1995-12-01', '14043098Ravi Rizky Bayu P.png', 'DFTR122015013114043098'),
('DFTR1220150132', 14043103, 'Achmad Adam Firdaus', 'Sore', 1, '2015-12-08', '13:00:00', 280000, 'DSC_5059.jpg', 'Jl. A. Yani', '0', 'Surabaya', '2015-12-08', '14043103Achmad Adam Firdaus.png', 'DFTR122015013214043103'),
('DFTR1220150133', 14043105, 'Rodik Syahriyah', 'Sore', 1, '2015-12-08', '13:00:00', 280000, 'DSC_5059.jpg', 'Jl. A. Yani', '0', 'Surabaya', '2015-12-08', '14043105Rodik Syahriyah.png', 'DFTR122015013314043105'),
('DFTR1220150134', 14043109, 'Ribut Endang', 'Pagi', 1, '2015-12-08', '13:00:00', 210000, 'DSC_5059.jpg', 'Jl. A. Yani', '0', 'Surabaya', '2015-12-08', '14043109Ribut Endang.png', 'DFTR122015013414043109'),
('DFTR1220150135', 14043112, 'Indra Lukmana', 'Sore', 1, '2015-12-08', '13:00:00', 140000, 'DSC_5059.jpg', 'Jl. A. Yani', '0', 'Surabaya', '2015-12-08', '14043112Indra Lukmana.png', 'DFTR122015013514043112'),
('DFTR1220150136', 14043116, 'Qohrir Rijal Jailani', 'Pagi', 1, '2015-12-08', '13:00:00', 210000, 'DSC_5059.jpg', 'Dawasblandong, Mojokerto', '0', 'Mojokerto', '1996-07-02', '14043116Qohrir Rijal Jailani.png', 'DFTR122015013614043116'),
('DFTR1220150137', 14043118, 'Mas Heri', 'Sore', 1, '2015-12-08', '13:00:00', 140000, 'DSC_5059.jpg', 'Jl. A. Yani', '0', 'Surabaya', '2015-12-08', '14043118Mas Heri.png', 'DFTR122015013714043118'),
('DFTR1220150138', 14043122, 'Annisa Noviyanza', 'Pagi', 4, '2015-12-08', '13:00:00', 140000, '12510767_825185917591697_684263187_o.jpg', 'Perum Graha Permata B-9 RT 046 RW 010 Sidorejo Krian', '085748726157', 'Bogor', '1993-11-16', '14043122Annisa Noviyanza.png', 'DFTR122015013814043122'),
('DFTR1220150139', 14043124, 'Ardy Firmansyah', 'Sore', 1, '2015-12-08', '13:00:00', 140000, 'DSC_5059.jpg', 'Jl. A. Yani', '0', 'Surabaya', '2015-12-08', '14043124Ardy Firmansyah.png', 'DFTR122015013914043124'),
('DFTR1220150140', 14043129, 'Suhairi', 'Pagi', 1, '2015-12-08', '13:00:00', 140000, 'DSC_5059.jpg', 'Jl. A. Yani', '0', 'Surabaya', '2015-12-08', '14043129Suhairi.png', 'DFTR122015014014043129'),
('DFTR1220150141', 14043131, 'M Ghufron Ali', 'Pagi', 1, '2015-12-08', '13:00:00', 140000, 'DSC_5059.jpg', 'Jl. A. Yani', '0', 'Surabaya', '2015-12-08', '14043131M Ghufron Ali.png', 'DFTR122015014114043131'),
('DFTR1220150142', 14043134, 'Septian Tri E', 'Pagi', 1, '2015-12-08', '13:00:00', 210000, 'DSC_5059.jpg', 'Jl. A. Yani', '0', 'Surabaya', '2015-12-08', '14043134Septian Tri E.png', 'DFTR122015014214043134'),
('DFTR1220150143', 14043138, 'Fajar Gunawan', 'Sore', 1, '2015-12-08', '13:00:00', 210000, 'DSC_5059.jpg', 'Jl. A. Yani', '0', 'Surabaya', '2015-12-08', '14043138Fajar Gunawan.png', 'DFTR122015014314043138'),
('DFTR1220150144', 15014100, 'Ilham Alif P.', 'Pagi', 1, '2015-12-08', '13:00:00', 70000, 'DSC_5059.jpg', 'Jl. A. Yani', '0', 'Surabaya', '2015-12-08', '15014100Ilham Alif P.png', 'DFTR122015014415014100'),
('DFTR1220150145', 1514321001, 'Krisnata Sudirja', 'Sore', 1, '2015-12-08', '13:00:00', 140000, 'DSC_5059.jpg', 'Dsn.Wates Cangkir Kab.Gresik', '0', 'Malang', '1994-04-12', '1514321001Krisnata Sudirja.png', 'DFTR12201501451514321001'),
('DFTR1220150146', 1514311002, 'M. Farid Fathul H. P.', 'Pagi', 1, '2015-12-08', '13:00:00', 210000, 'DSC_5059.jpg', 'Jl. Sawunggaling 2, Rt 31 Rw 06, Sambisari, Sambibulu, Taman, Sidoarjo', '0', 'Lamongan', '1996-07-22', '1514311002M Farid Fathul H P.png', 'DFTR12201501461514311002'),
('DFTR1220150147', 1514311003, 'Andika Candra Perdana', 'Pagi', 1, '2015-12-08', '13:00:00', 210000, 'DSC_5059.jpg', 'Permata Candi Loka Q1/24', '0', 'Surabaya', '1997-08-24', '1514311003Andika Candra Perdana.png', 'DFTR12201501471514311003'),
('DFTR1220150148', 1514321004, 'Istam Masruri', 'Sore', 1, '2015-12-08', '13:00:00', 70000, 'DSC_5059.jpg', 'Ds.Lebak Ayu, Kec.Sawahan Kab.Madiun', '0', 'Madiun', '1988-02-29', '1514321004Istam Masruri.png', 'DFTR12201501481514321004'),
('DFTR1220150149', 1514321005, 'Alfi Kusumawardani', 'Sore', 1, '2015-12-08', '13:00:00', 210000, 'DSC_5059.jpg', 'Jl.Embong Anyar No.14 Mertani Karanggeneng-Lamongan', '0', 'Lamongan', '1994-08-30', '1514321005Alfi Kusumawardani.png', 'DFTR12201501491514321005'),
('DFTR1220150150', 1514321007, 'Septian Angga K', 'Sore', 1, '2015-12-08', '13:00:00', 210000, 'DSC_5059.jpg', 'Jl. Gajahmada 5, Sawotratap Gedangan- Sidoarjo', '0', 'Surabaya', '1997-09-10', '1514321007Septian Angga H.png', 'DFTR12201501501514321007'),
('DFTR1220150151', 1514311008, 'Septian Ganang Andreono', 'Pagi', 1, '2015-12-08', '13:00:00', 210000, 'DSC_5059.jpg', 'Jalan Gemurung Rt.03 Rw.03 Gedangan Sidoarjo', '0', 'Sidoarjo', '1996-03-21', '1514311008Septian Ganang Andreono.png', 'DFTR12201501511514311008'),
('DFTR1220150152', 1514311009, 'Yusuf Rizky Prakoso', 'Pagi', 1, '2015-12-08', '13:00:00', 140000, 'DSC_5059.jpg', 'Perumahan Sidoarjo Indah Permai E-3', '0', 'Sidoarjo', '1996-12-24', '1514311009Yusuf Rizky Prakoso.png', 'DFTR12201501521514311009'),
('DFTR1220150153', 1514321010, 'Rike Ayu Wulandari', 'Sore', 1, '2015-12-08', '13:00:00', 70000, 'DSC_5059.jpg', 'Damarsi Rt.23 Rw.04', '0', 'Trenggalek', '1997-08-07', '1514321010Rike Ayu Wulandari.png', 'DFTR12201501531514321010'),
('DFTR1220150154', 1514321011, 'Daniel Andreas', 'Sore', 1, '2015-12-08', '13:00:00', 210000, 'DSC_5059.jpg', 'Pondok Waru Indah 2 Sidoarjo', '0', 'Surabaya', '1995-06-25', '1514321011Daniel Andreas.png', 'DFTR12201501541514321011'),
('DFTR1220150155', 1514321012, 'Muhammad Firdi Maulana', 'Sore', 1, '2015-12-08', '13:00:00', 70000, 'DSC_5059.jpg', 'Jl.Tembok Dukuh 32b', '0', 'Surabaya', '1997-07-16', '1514321012Muhammad Firdi Maulana.png', 'DFTR12201501551514321012'),
('DFTR1220150156', 1514321014, 'Septian Alif M', 'Sore', 1, '2015-12-08', '13:00:00', 210000, 'DSC_5059.jpg', 'Kedurus 1c No.16 Surabaya', '0', 'Jombang', '1996-09-01', '1514321014Septian Alif M.png', 'DFTR12201501561514321014'),
('DFTR1220150157', 1514321015, 'Intan Pandini', 'Sore', 1, '2015-12-08', '13:00:00', 210000, 'DSC_5059.jpg', 'Wedoro Klurak Rt.06 Rw.02 Candi Sidoarjo', '0', 'Sidoarjo', '1996-05-05', '1514321015Intan Pandini.png', 'DFTR12201501571514321015'),
('DFTR1220150158', 1514321016, 'Ragil Prasetyo', 'Sore', 1, '2015-12-08', '13:00:00', 140000, 'DSC_5059.jpg', 'Jln.Kolonel Sugiono Gang Pelita Rt.06 Rw.02 No.8a', '0', 'Sidoarjo,', '1993-06-02', '1514321016Ragil Prasetyo.png', 'DFTR12201501581514321016'),
('DFTR1220150159', 1514311017, 'Sindy Elisiana', 'Pagi', 1, '2015-12-08', '13:00:00', 140000, 'DSC_5059.jpg', 'Jl. Pelem Watu Rt.07 / Rw. 04 Menganti, Gresik', '0', 'Gresik', '1997-11-17', '1514311017Sindy Elisiana.png', 'DFTR12201501591514311017'),
('DFTR1220150160', 1514321018, 'Billy Armando Canun', 'Sore', 1, '2015-12-08', '13:00:00', 210000, 'DSC_5059.jpg', 'Banyu Urip Wetan 2/27 Surabaya', '0', 'Surabaya', '1997-11-23', '1514321018Billy Armando Canun.png', 'DFTR12201501601514321018'),
('DFTR1220150161', 1514321019, 'M Fahrur Rozi', 'Sore', 1, '2015-12-08', '13:00:00', 210000, 'DSC_5059.jpg', 'Perum.Griya Sejahtera B-23 Planti, Sedati', '0', 'Sidoarjo', '1996-08-13', '1514321019M Fahrur Rozi.png', 'DFTR12201501611514321019'),
('DFTR1220150162', 1514311022, 'Miftakhul Huda', 'Pagi', 1, '2015-12-08', '13:00:00', 140000, 'DSC_5059.jpg', 'Simo Pomohan Baru Sawah 3/7', '0', 'Surabaya', '1997-06-26', '1514311022Miftakhul Huda.png', 'DFTR12201501621514311022'),
('DFTR1220150163', 1514321023, 'Dwi Budi Marwanto', 'Sore', 1, '2015-12-08', '13:00:00', 140000, 'DSC_5059.jpg', 'Ds.Siwalanpanji Rt.01 Rw.01 Buduran, Sidoarjo', '0', 'Surabaya', '1995-03-29', '1514321023Dwi Budi Marwanto.png', 'DFTR12201501631514321023'),
('DFTR1220150164', 1514321025, 'Wawan Setiawan', 'Sore', 1, '2015-12-08', '13:00:00', 140000, 'DSC_5059.jpg', 'Perum Delta Sari, Green Site Bp.28', '0', 'Jember', '1994-03-07', '1514321025Wawan Setiawan.png', 'DFTR12201501641514321025'),
('DFTR1220150165', 1514321026, 'Yesi Sukma Putri', 'Sore', 1, '2015-12-08', '13:00:00', 140000, 'DSC_5059.jpg', 'Jl.Raden Wijaya No.86 Sawotratap-Gedangan, Sidoarjo', '0', 'Malang', '1997-01-22', '1514321026Yesi Sukma Putri.png', 'DFTR12201501651514321026'),
('DFTR1220150166', 1514311027, 'Ocky Dewa Peratama', 'Pagi', 1, '2015-12-08', '13:00:00', 210000, 'DSC_5059.jpg', 'Jl. Deles 3/7', '0', 'Surabaya', '1996-10-07', '1514311027Ocky Dewa Peratama.png', 'DFTR12201501661514311027'),
('DFTR1220150167', 1514311028, 'Johan Pratama', 'Pagi', 1, '2015-12-08', '13:00:00', 210000, 'DSC_5059.jpg', 'Ds. Surgon Rt. 22/ Rw.06 Suko - Sidoarjo', '0', 'Surabaya', '1997-01-20', '1514311028Johan Pratama.png', 'DFTR12201501671514311028'),
('DFTR1220150168', 1514321029, 'Bima Yudi Prasetyo', 'Sore', 1, '2015-12-08', '13:00:00', 210000, 'DSC_5059.jpg', 'Perum.Magersari Rt/24 Rw/07  Blok Bf.07', '0', 'Sleman', '1997-01-25', '1514321029Bima Yudi Prasetyo.png', 'DFTR12201501681514321029'),
('DFTR1220150169', 1514321031, 'Ridwan Widodo', 'Sore', 1, '2015-12-08', '13:00:00', 70000, 'DSC_5059.jpg', 'Sidoarjo', '0', 'Jombang', '1995-11-14', '1514321031Ridwan Widodo.png', 'DFTR12201501691514321031'),
('DFTR1220150170', 1514311032, 'Eudora Fajar Muhammad', 'Pagi', 1, '2015-12-08', '13:00:00', 210000, 'DSC_5059.jpg', 'Jambangan Tama V/ 29', '0', 'Surabaya', '1996-04-12', '1514311032Eudora Fajar Muhammad.png', 'DFTR12201501701514311032'),
('DFTR1220150171', 1514311033, 'Nurcahyani Hardianti', 'Pagi', 1, '2015-12-08', '13:00:00', 70000, 'DSC_5059.jpg', 'Jl. A. Yani', '0', 'Surabaya', '2015-12-08', '1514311033Nurcahyani Hardianti.png', 'DFTR12201501711514311033'),
('DFTR1220150172', 1514321035, 'Riki Mairohmawan', 'Sore', 1, '2015-12-08', '13:00:00', 210000, 'DSC_5059.jpg', 'Suko Legok Rt.12 Rw.04 Sukodono', '0', 'Malang', '1996-05-27', '1514321035Riki Mairohmawan.png', 'DFTR12201501721514321035'),
('DFTR1220150173', 1514311037, 'Majid Dani Setyaputra', 'Pagi', 1, '2015-12-08', '13:00:00', 210000, 'DSC_5059.jpg', 'Jl. Wonorejo Iv', '0', 'Surabaya', '1997-07-23', '1514311037Majid Dani Setyaputra.png', 'DFTR12201501731514311037'),
('DFTR1220150174', 1514311039, 'Muhammad Akromul Abid', 'Pagi', 1, '2015-12-08', '13:00:00', 140000, 'DSC_5059.jpg', 'Wiyung Gg 1 Mawar', '0', 'Gresik', '1905-05-21', '1514311039Muhammad Akromul Abid.png', 'DFTR12201501741514311039'),
('DFTR1220150175', 1514311040, 'Errys Gabrylyanto', 'Pagi', 1, '2015-12-08', '13:00:00', 210000, 'DSC_5059.jpg', 'Sidomukti Rt.07 Rw.02 Krian Sidoarjo', '0', 'Sidoarjo', '1997-01-31', '1514311040Errys Gabrylyanto.png', 'DFTR12201501751514311040'),
('DFTR1220150176', 1514311042, 'Muhammad Ayub Wicaksono', 'Pagi', 1, '2015-12-08', '13:00:00', 140000, 'DSC_5059.jpg', 'Mojoagung, Jombang', '0', 'Jakarta Timur', '1997-08-27', '1514311042Muhammad Ayub Wicaksono.png', 'DFTR12201501761514311042'),
('DFTR1220150177', 15043043, 'Jauhar Murtadlo', 'Pagi', 1, '2015-12-08', '13:00:00', 70000, 'DSC_5059.jpg', 'Jl. A. Yani', '0', 'Surabaya', '2015-12-08', '15043043Jauhar Murtadlo.png', 'DFTR122015017715043043'),
('DFTR1220150178', 1514311046, 'Indra Kusuma Wardhana', 'Pagi', 1, '2015-12-08', '13:00:00', 140000, 'DSC_5059.jpg', 'Jl.Golf 2 No.6', '0', 'Surabaya', '1997-09-27', '1514311046Indra Kusuma Wardhana.png', 'DFTR12201501781514311046'),
('DFTR1220150179', 1514311049, 'Mohammad Ridwan', 'Sore', 1, '2015-12-08', '13:00:00', 70000, 'DSC_5059.jpg', 'Jl.Kutisari 8/9 Surabaya', '0', 'Bandung', '1995-09-18', '1514311049Mohammad Ridwan.png', 'DFTR12201501791514311049'),
('DFTR1220150180', 1514321053, 'Rhendiq Bagus S. J. Y.', 'Pagi', 1, '2015-12-08', '13:00:00', 210000, 'DSC_5059.jpg', 'Tawangsari Rt 06 Rw 01 Taman, Sidoarjo', '0', 'Bojonegoro', '1997-06-27', '1514321053Rhendiq Bagus S J Y.png', 'DFTR12201501801514321053'),
('DFTR1220150181', 1514321054, 'Achmad Marzuqi', 'Sore', 1, '2015-12-08', '13:00:00', 70000, 'DSC_5059.jpg', 'Raya Wadungasri No.13, Waru, Sidoarjo', '0', 'Sidoarjo', '1993-04-23', '1514321054Achmad Marzuqi.png', 'DFTR12201501811514321054'),
('DFTR1220150182', 1514321055, 'Ahmad Sarufudin', 'Sore', 1, '2015-12-08', '13:00:00', 70000, 'DSC_5059.jpg', 'Jl.Raden Wijaya No.36 Rw.04 Rt.04 Sawotratap Gedangan Sidoarjo', '0', 'Sidoarjo', '1996-12-20', '1514321055Ahmad Sarufudin.png', 'DFTR12201501821514321055'),
('DFTR1220150183', 1514311061, 'Efilah Rizqi M.', 'Pagi', 1, '2015-12-08', '13:00:00', 140000, 'DSC_5059.jpg', 'Mojoagung, Jombang', '0', 'Jombang', '1996-10-21', '1514311061Efilah Rizqi M.png', 'DFTR12201501831514311061'),
('DFTR1220150184', 1514311062, 'Cindi Novita Sari Dewi', 'Pagi', 1, '2015-12-08', '13:00:00', 140000, 'DSC_5059.jpg', 'Jln. Lansep Iii No.37 Geluran - Taman- Sepanjang', '0', 'Lamongan', '1996-11-11', '1514311062Cindi Novita Sari Dewi.png', 'DFTR12201501841514311062'),
('DFTR1220150185', 1514321063, 'Fakhri Aziz F', 'Sore', 1, '2015-12-08', '13:00:00', 210000, 'DSC_5059.jpg', 'Ds.Jumputrejo Rt.37 Rw.13 Kec.Sukodono Kab.Sidoarjo', '0', 'Gresik', '1996-05-15', '1514321063Fakhri Aziz F.png', 'DFTR12201501851514321063'),
('DFTR1220150186', 1514321065, 'Putra Fandi P', 'Sore', 1, '2015-12-08', '13:00:00', 210000, 'DSC_5059.jpg', 'Banyu Urip Lor 5/32 Surabaya', '0', 'Surabaya', '1996-01-25', '1514321065Putra Fandi P.png', 'DFTR12201501861514321065'),
('DFTR1220150187', 1514311068, 'Kharisma Krisna Mukti', 'Pagi', 1, '2015-12-08', '13:00:00', 210000, 'DSC_5059.jpg', 'Jl. Bungurasih Timur N/22', '0', 'Lamongan', '1997-09-25', '1514311068Kharisma Krisna Mukti.png', 'DFTR12201501871514311068'),
('DFTR1220150188', 1514311069, 'Axcella Gilang Samudra', 'Pagi', 1, '2015-12-08', '13:00:00', 210000, 'DSC_5059.jpg', 'Jl. Bungurasih Timur N/22', '0', 'Lamongan', '1996-04-23', '1514311069Axcella Gilang S.png', 'DFTR12201501881514311069'),
('DFTR1220150189', 1514321070, 'Kelvin Ivandera N.', 'Sore', 1, '2015-12-08', '13:00:00', 210000, 'DSC_5059.jpg', 'Lakarsantri Ia / 24', '0', 'Surabaya', '1994-04-06', '1514321070Kelvin Ivandera N.png', 'DFTR12201501891514321070'),
('DFTR1220150190', 1514311071, 'M Ilham Syafaudin', 'Pagi', 1, '2015-12-08', '13:00:00', 210000, 'DSC_5059.jpg', 'Surabaya', '0', 'Surabaya', '1997-05-10', '1514311071M Ilham Syafaudin.png', 'DFTR12201501901514311071'),
('DFTR1220150191', 1514321072, 'Mohamad Agus', 'Sore', 1, '2015-12-08', '13:00:00', 140000, 'DSC_5059.jpg', 'Jl.Sidotopo Jaya 7/71', '0', 'Surabaya', '1992-08-27', '1514321072Mohamad Agus.png', 'DFTR12201501911514321072'),
('DFTR1220150192', 1514311075, 'Nur Lailatul Adawiyah', 'Pagi', 1, '2015-12-08', '13:00:00', 140000, 'DSC_5059.jpg', 'Jl. Kolonel Sugiono No. 55 D Kurek - Sari Waru Sidoarjo', '0', 'Sidoarjo', '1994-03-03', '1514311075Nur Lailatul Adawiyah.png', 'DFTR12201501921514311075'),
('DFTR1220150193', 15043076, 'Cahyo Tri Yulianto', 'Pagi', 1, '2015-12-08', '13:00:00', 70000, 'DSC_5059.jpg', 'Jl. A. Yani', '0', 'Surabaya', '2015-12-08', '15043076Cahyo Tri Yulianto.png', 'DFTR122015019315043076'),
('DFTR1220150194', 1514321077, 'Gatut Cobain P', 'Sore', 1, '2015-12-08', '13:00:00', 70000, 'DSC_5059.jpg', 'Perum.Puri Sejahtera 2, Buduran, Sidoarjo', '0', 'Blitar', '1994-08-26', '1514321077Gatut Cobain P.png', 'DFTR12201501941514321077'),
('DFTR1220150195', 1514321078, 'Ichalasul Amal A F', 'Pagi', 1, '2015-12-08', '13:00:00', 210000, 'DSC_5059.jpg', 'Jl. Sidoyoso Ii Gg1 / 22', '0', 'Surabaya', '1997-09-07', '1514321078Ichalasul Amal A F.png', 'DFTR12201501951514321078'),
('DFTR1220150196', 1514321079, 'R. Wahyu Romadhoni', 'Sore', 1, '2015-12-08', '13:00:00', 210000, 'DSC_5059.jpg', 'Jl.Tropodo Asri D.34 Waru Sidoarjo', '0', 'Surabaya', '1995-10-25', '1514321079R Wahyu Romadhoni.png', 'DFTR12201501961514321079'),
('DFTR1220150197', 1514321081, 'Ditha Oky Asmara', 'Sore', 1, '2015-12-08', '13:00:00', 70000, 'DSC_5059.jpg', 'Jl. Anggrek 2 Waru Sidoarjo ', '0', 'Surabaya', '1988-11-21', '1514321081Ditha Oky Asmara.png', 'DFTR12201501971514321081'),
('DFTR1220150198', 1514311082, 'Moch Choirul Anam', 'Sore', 1, '2015-12-08', '13:00:00', 70000, 'DSC_5059.jpg', 'Jl.Pulo Tegal Sari 2/6', '0', 'Surabaya', '1997-07-03', '1514311082Moch Choirul Anam.png', 'DFTR12201501981514311082'),
('DFTR1220150199', 1514321084, 'Ratna Indianti', 'Sore', 1, '2015-12-08', '13:00:00', 70000, 'DSC_5059.jpg', 'Jombang', '0', 'Jombang', '1997-09-21', '1504321084Ratna Indianti.png', 'DFTR12201501991504321084'),
('DFTR1220150200', 1514311085, 'Nisrina Maulidi Qurotu''ain', 'Pagi', 1, '2015-12-08', '13:00:00', 140000, 'DSC_5059.jpg', 'Dsn. Delik Kulon, Ds. Delik Sumber Kec.Benjeng Kab.Gresik', '0', 'Gresik', '1997-07-10', '1514311085Nisrina Maulidi Qurotuain.png', 'DFTR12201502001514311085'),
('DFTR1220150201', 1514311086, 'Diana Nur. A', 'Pagi', 1, '2015-12-08', '13:00:00', 210000, 'DSC_5059.jpg', 'Balongpanggang, Gresik', '0', 'Gresik', '1998-03-27', '1514311086Diana Nur A.png', 'DFTR12201502011514311086'),
('DFTR1220150202', 15043088, 'Nugraha Fanadmono', 'Pagi', 1, '2015-12-08', '13:00:00', 140000, 'DSC_5059.jpg', 'Jl. A. Yani', '0', 'Surabaya', '2015-12-08', '15043088Nugroho Fanadmono.png', 'DFTR122015020215043088'),
('DFTR1220150203', 1514321089, 'Nur Haeru Nasrul', 'Sore', 1, '2015-12-08', '13:00:00', 70000, 'DSC_5059.jpg', 'Ds.Bandorasa Kulon Kec.Cilimus Kab.Kuningan Jawa-Barat', '0', 'Kuningan', '1993-01-01', '1514321089Nur Haeru Nasrul.png', 'DFTR12201502031514321089'),
('DFTR1220150204', 1514311090, 'Achsan Mustajul', 'Sore', 1, '2015-12-08', '13:00:00', 210000, 'DSC_5059.jpg', 'Jl.Kapas Madya 6/19', '0', 'Surabaya', '1997-07-17', '1514311090Achsan Mustajul.png', 'DFTR12201502041514311090'),
('DFTR1220150205', 15043093, 'M Mauludin Pradana', 'Pagi', 1, '2015-12-08', '13:00:00', 70000, 'DSC_5059.jpg', 'Jl. A. Yani', '0', 'Sidoarjo', '2015-12-08', '15043093M Mauludin Pradana.png', 'DFTR122015020515043093'),
('DFTR1220150206', 1514311094, 'M. Hafidz Amri Rosyadi', 'Pagi', 1, '2015-12-08', '13:00:00', 140000, 'DSC_5059.jpg', 'Perum.Ppu.T-19,Krian, Sidoarjo', '0', 'Malang', '1999-04-18', '1514311094M Hafidz Amri Rosyadi.png', 'DFTR12201502061514311094'),
('DFTR1220150207', 1514311096, 'Weka Sadya Wasana', 'Pagi', 1, '2015-12-08', '13:00:00', 140000, 'DSC_5059.jpg', 'Perumahan Jenggolo Permai Block H.2 Rt.02 Rw.01', '0', 'Tuban', '1996-08-21', '1514311096Weka Sadya Wasana.png', 'DFTR12201502071514311096'),
('DFTR1220150208', 1514321098, 'M. Aditya A.T.', 'Sore', 1, '2015-12-08', '13:00:00', 70000, 'DSC_5059.jpg', 'Penanggungan 4 Rt.01 Rw.05', '0', 'Surabaya', '1992-06-13', '1514321098M Aditya AT.png', 'DFTR12201502081514321098'),
('DFTR1220150209', 1514321101, 'M. Suyono', 'Sore', 1, '2015-12-08', '13:00:00', 70000, 'DSC_5059.jpg', 'Ds.Pandantoyo Kec.Kertosono Kab.Nganjuk', '0', 'Nganjuk', '1992-03-12', '1514321101M Suyono.png', 'DFTR12201502091514321101'),
('DFTR1220150210', 1514321104, 'Riyan Iqbal F.', 'Sore', 1, '2015-12-08', '13:00:00', 70000, 'DSC_5059.jpg', 'Sepanjang Asri Blok C/60', '0', 'Lamongan', '1996-06-23', '1514321104Riyan Iqbal F.png', 'DFTR12201502101514321104'),
('DFTR1220150211', 1514321107, 'Evelyn Cordela', 'Sore', 1, '2015-12-08', '13:00:00', 70000, 'DSC_5059.jpg', 'Jl.Balai Desa Selatan No.11 Buduran Sidoarjo', '0', 'Jakarta', '1997-03-16', '1514321107Evelyn Cordela.png', 'DFTR12201502111514321107'),
('DFTR1220150212', 1514321108, 'Wahyu Aji Pratama', 'Sore', 1, '2015-12-08', '13:00:00', 210000, 'DSC_5059.jpg', 'Jl.Jemursari Gg Lebar No.85', '0', 'Surabaya', '1997-03-15', '1514321108Wahyu Aji Pratama.png', 'DFTR12201502121514321108'),
('DFTR1220150213', 1514321109, 'Yasir Rohman', 'Sore', 1, '2015-12-08', '13:00:00', 210000, 'DSC_5059.jpg', 'Panagan Gapura Sumenep', '0', 'Sumenep', '1997-12-20', '1514321109Yasir Rohman.png', 'DFTR12201502131514321109'),
('DFTR1220150214', 1514321110, 'Achmad Ifandi Y.', 'Sore', 1, '2015-12-08', '13:00:00', 70000, 'DSC_5059.jpg', 'Taman Rt.01 Rw.01', '0', 'Sidoarjo', '1997-07-24', '1514321110Achmad Ifandi Y.png', 'DFTR12201502141514321110'),
('DFTR1220150215', 1514321111, 'Rizkqi Ibnu T', 'Sore', 1, '2015-12-08', '13:00:00', 210000, 'DSC_5059.jpg', 'Jl.Ki Surya Jati, Kedung Turi, Taman', '0', 'Sidoarjo', '1997-05-06', '1514321111Rizkqi Ibnu T.png', 'DFTR12201502151514321111'),
('DFTR1220150216', 1514321114, 'Choirun Nisa', 'Sore', 1, '2015-12-08', '13:00:00', 210000, 'DSC_5059.jpg', 'Kramat Jegu Rt.05 Rw.O1', '0', 'Sidoarjo', '1996-06-27', '1514321114Choirun Nisa.png', 'DFTR12201502161514321114'),
('DFTR1220150217', 15043120, 'Riza Anas S', 'Pagi', 1, '2015-12-08', '13:00:00', 210000, 'anas.jpg', 'Jl. A. Yani', '0', 'Surabaya', '2015-12-08', '15043120Riza Anas S.png', 'DFTR122015021715043120'),
('DFTR1220150218', 1514321121, 'Dimmaest Arvian R.', 'Sore', 1, '2015-12-08', '13:00:00', 70000, 'DSC_5059.jpg', 'Jl.Banyu Urip Lor Xi /17', '0', 'Surabaya', '1993-06-27', '1514321121Dimmaest Arvian R.png', 'DFTR12201502181514321121'),
('DFTR1220150219', 1514321124, 'Adam Adi Prayogo', 'Sore', 1, '2015-12-08', '13:00:00', 210000, 'DSC_5059.jpg', 'Gedung Driyorejo Gresik', '0', 'Gresik', '1997-09-14', '1514321124Adam Adi Prayogo.png', 'DFTR12201502191514321124');
INSERT INTO `pendaftaran` (`kodedaftar_mahasiswa`, `nim_mahasiswa`, `nama_mahasiswa`, `kelas_mahasiswa`, `semester_mahasiswa`, `tgl_daftar_mahasiswa`, `jam_daftar_mahasiswa`, `total_biaya`, `foto`, `alamat`, `tlp`, `tempat`, `tgl`, `qrcode`, `code`) VALUES
('DFTR1220150220', 14043114, 'Eko Firnando Siringo Ringo', 'Sore', 1, '2015-12-08', '13:00:00', 140000, 'DSC_5059.jpg', 'Jl. A. Yani', '0', 'Surabaya', '1997-09-15', '14043114Eko Firnando Siringo Ringo.png', 'DFTR122015022014043114'),
('DFTR1220150221', 14043038, 'Yosaldi Hari Mardhika', 'Pagi', 1, '2015-12-08', '13:00:00', 0, 'DSC_5059.jpg', 'Sidoarjo, Jl.Malik Ibrahim No.44', '0', 'Sidoarjo', '1995-03-17', '14043038Yosaldi Hari Mardhika.png', 'DFTR122015022114043038'),
('DFTR1220150222', 1514321044, 'Muhammad Bagus Kuncoro', 'Pagi', 1, '2015-12-08', '13:00:00', 210000, 'DSC_5059.jpg', 'Jl.H.Abd.Rahman No.84 Rt 5 Rw 3', '0', 'Surabaya', '1995-05-29', 'noqrcode.png', 'DFTR12201502221514321044'),
('DFTR1220150223', 15043127, 'Rezky Alfan Centaury Harimu', 'Pagi', 1, '2015-12-08', '13:00:00', 0, 'DSC_5059.jpg', 'Perum. Csm B-10, Jumput Rejo, Sukodono, Sidoarjo', '0', 'Surabaya', '1995-06-19', '15043127Rezky Alfan Centaury Harimu.png', 'DFTR122015022315043127'),
('DFTR1220150224', 1514311106, 'Agung Pramadipta Arifin', 'Pagi', 1, '2015-12-08', '18:04:25', 140000, 'DSC_5059.jpg', 'Griya Kencana Ii M/ 80 Driyorejo', '0', 'Surabaya', '1997-03-01', 'noqrcode.png', 'DFTR12201502241514311106'),
('DFTR1220150225', 1514321045, 'Gaby Ulahayanan', 'Pagi', 1, '2015-12-08', '13:00:00', 0, 'DSC_5059.jpg', 'Perum Gkp Blok C4 Bumiharjo Borobudur Magelang', '0', 'Magelang', '1992-03-12', '1514321045Gaby Ulahayanan.png', 'DFTR12201502251514321045'),
('DFTR1220150226', 1514311052, 'Gilang Bayu Aditya Putra', 'Pagi', 1, '2015-12-08', '13:00:00', 70000, 'DSC_5059.jpg', 'Lidah Harapan Blok Ac-12', '0', 'Surabaya', '1997-01-05', 'noqrcode.png', 'DFTR12201502261514311052'),
('DFTR1220150227', 1514311024, 'Muhammad Reza', 'Pagi', 1, '2015-12-08', '13:00:00', 70000, 'DSC_5059.jpg', 'Perum. Griya Bhayangkara Blok D5/ 28 Rw 09 Rt 42 Sidoarjo', '0', 'Surabaya', '1997-04-24', 'noqrcode.png', 'DFTR12201502271514311024'),
('DFTR1220150228', 1514311021, 'Muhammad Rafi Mawaridi', 'Pagi', 1, '2015-12-08', '16:41:17', 140000, 'DSC_5059.jpg', 'Jl. Manukan Mulyo 4f No.4 Surabaya', '0', 'Surabaya', '1997-02-22', 'noqrcode.png', 'DFTR12201502281514311021'),
('DFTR1220150229', 1514311034, 'Abdul Rozaq', 'Pagi', 1, '2015-12-08', '13:00:00', 0, 'DSC_5059.jpg', 'Jl. Teratai V No.51 Bakalan - Pasuruan', '0', 'Lamongan', '1996-10-25', '1514311034Abdul Rozaq.png', 'DFTR12201502291514311034'),
('DFTR1220150230', 1514311047, 'Novan Danany  S', 'Pagi', 1, '2015-12-08', '13:00:00', 140000, 'DSC_5059.jpg', 'Sidomukti Rt 10 Rw 02', '0', 'Sidoarjo', '1997-03-01', 'noqrcode.png', 'DFTR12201502301514311047'),
('DFTR1220150231', 1514311051, 'Bambang Teguh Wicaksono', 'Pagi', 1, '2015-12-08', '13:00:00', 140000, 'DSC_5059.jpg', 'Jl Kh Yakub No.16 Siwalan Panji, Buduran - Sidoarjo', '0', 'Sidoarjo', '1997-06-10', 'noqrcode.png', 'DFTR12201502311514311051'),
('DFTR1220150232', 1514311058, 'Enrico Tegar Prabowo', 'Pagi', 1, '2015-12-08', '13:00:00', 140000, 'DSC_5059.jpg', 'Jl. Sd Kedungrejo No. 8 Waru', '0', 'Sidoarjo', '1998-02-16', 'noqrcode.png', 'DFTR12201502321514311058'),
('DFTR1220150233', 1514311059, 'Ika Tyawati', 'Pagi', 1, '2015-12-08', '13:00:00', 0, 'DSC_5059.jpg', 'Jl. A. Yani', '0', 'Surabaya', '1998-02-17', '1514311059Ika Tyawati.png', 'DFTR12201502331514311059'),
('DFTR1220150234', 1514311060, 'Ach Irfan Ferdiansyah', 'Pagi', 1, '2015-12-08', '13:00:00', 140000, 'DSC_5059.jpg', 'Perumahan Kehakiman Blok E-43', '0', 'Surabaya', '1997-02-15', 'noqrcode.png', 'DFTR12201502341514311060'),
('DFTR1220150235', 1514311067, 'Rizky Wahyu Prastyawan', 'Pagi', 1, '2015-12-08', '13:00:00', 140000, 'DSC_5059.jpg', 'Jl. Kusuma Bangsa N0.29 Rt.03 Rw.01 Gedang-Porong, Sidoarjo', '0', 'Surabaya', '1997-09-28', 'noqrcode.png', 'DFTR12201502351514311067'),
('DFTR1220150236', 1514311074, 'Moch Miftakhul Ulum', 'Pagi', 1, '2015-12-08', '13:00:00', 0, 'DSC_5059.jpg', 'Jl. Panduk 2b N0.01', '0', 'Lamongan', '1997-07-17', '1514311074Moch Miftakhul Ulum.png', 'DFTR12201502361514311074'),
('DFTR1220150237', 1514311099, 'Hamzah Achmad', 'Pagi', 1, '2015-12-08', '13:00:00', 0, 'DSC_5059.jpg', 'Jalan Kol Sugiono Ngingas Utara Rt.05 Rw.02 No.70 Waru Sidoarjo', '0', 'Sidoarjo', '1996-12-13', '1514311099Hamzah Achmad.png', 'DFTR12201502371514311099'),
('DFTR1220150238', 1514311112, 'Andrean Bagus Nurokim', 'Pagi', 1, '2015-12-08', '18:04:47', 70000, 'DSC_5059.jpg', 'Ds. Kudu Banjar Rt.02 Rw.01 Kudu Jombang', '0', 'Tulungagung', '1996-03-22', 'noqrcode.png', 'DFTR12201502381514311112'),
('DFTR1220150239', 1514311115, 'Rafi Raditya Khalisaudri', 'Pagi', 1, '2015-12-08', '18:05:13', 140000, 'DSC_5059.jpg', 'Jl. Gresik Ppi 6/5', '0', 'Madiun', '1997-11-06', 'noqrcode.png', 'DFTR12201502391514311115'),
('DFTR1220150240', 1514311118, 'Muhammad Fadel Asy''ad', 'Pagi', 1, '2015-12-08', '18:05:29', 140000, 'DSC_5059.jpg', 'Kota Baru Driyorejo Gresik, Jl. Mutiara 2.2 No.At 27', '0', 'Surabaya', '1997-08-27', 'noqrcode.png', 'DFTR12201502401514311118'),
('DFTR1220150241', 1514311125, 'Abdurrahman', 'Pagi', 1, '2015-12-08', '13:00:00', 0, 'DSC_5059.jpg', 'Arosbaya, Bangkalan, Madura', '0', 'Selangor', '1995-03-02', '1514311125Abdurrahman.png', 'DFTR12201502411514311125'),
('DFTR1220150242', 1514321052, 'Gilang Bayu A.P', 'Pagi', 1, '2015-12-08', '13:00:00', 0, 'DSC_5059.jpg', 'Jl. A. Yani', '0', 'Surabaya', '1995-03-03', '1514321052Gilang Bayu AP.png', 'DFTR12201502421514321052'),
('DFTR1220150243', 1514321057, 'Ryan Dwi Novianto', 'Pagi', 1, '2015-12-08', '13:00:00', 0, 'DSC_5059.jpg', 'Jl. A. Yani', '0', 'Surabaya', '1995-03-04', '1514321057Ryan Dwi Novianto.png', 'DFTR12201502431514321057'),
('DFTR1220150244', 1514321066, 'Rovita Rebina Haqie', 'Pagi', 1, '2015-12-08', '13:00:00', 0, 'DSC_5059.jpg', 'Jalan Mawar No.29 Desa Wage Kec. Taman Kab. Sidoarjo', '0', 'Surabaya', '1996-08-16', '1514321066Rovita Rebina Haqie.png', 'DFTR12201502441514321066'),
('DFTR1220150245', 1514321080, 'Bryan Aditya Prakoso', 'Pagi', 1, '2015-12-08', '18:19:50', 70000, 'DSC_5059.jpg', 'Sakura Regency Blok 20 Ketintang Baru', '0', 'Trenggalek', '1996-02-10', 'noqrcode.png', 'DFTR12201502451514321080'),
('DFTR1220150246', 1514321116, 'Nanda Yuniarko', 'Pagi', 1, '2015-12-08', '13:00:00', 0, 'DSC_5059.jpg', 'Simo Sidomulyo 6/45 C', '0', 'Surabaya', '1994-06-01', '1514321116Nanda Yuniarko.png', 'DFTR12201502461514321116'),
('DFTR1220150247', 14043111, 'Syahrial Wahyu Pratama', 'Pagi', 3, '2015-12-08', '11:34:50', 210000, 'DSC_5059.jpg', 'Surabaya', '0', 'Surabaya', '2016-02-10', '14043111Syahrial Wahyu Pratama.png', 'DFTR022016000114043111'),
('DFTR1220150248', 14043038, 'M. Wahyu Nur Eka', 'Pagi', 3, '2015-12-08', '11:36:03', 70000, 'DSC_5059.jpg', 'Surabaya', '0', 'Surabaya', '2016-02-10', 'noqrcode.png', NULL),
('DFTR1220150249', 13043111, 'Sariwening Ratri P', 'Pagi', 5, '2015-12-08', '21:49:55', 70000, 'sariwening.jpg', 'Surabaya', '0', 'Surabaya', '2016-02-11', '13043111Sariwening Ratri P.png', 'DFTR122015024913043111'),
('DFTR1220150250', 13043050, 'Fimbi Indirawati', 'Pagi', 5, '2015-12-08', '21:49:55', 140000, 'fimbi.jpg', 'Surabaya', '0', 'Surabaya', '2016-02-11', '13043050Fimbi Indirawati.png', 'DFTR122015025013043050'),
('DFTR1220150251', 14043068, 'Fu''ad Fathoni Sundah', 'Sore', 4, '2015-12-08', '21:49:55', 140000, 'DSC_5059.jpg', 'Surabaya', '0', 'Surabaya', '2016-02-11', '14043068Fuad Fathoni Sundah.png', 'DFTR122015025114043068'),
('DFTR1220150252', 13043072, 'David Ardiyanto', 'Pagi', 5, '2015-12-08', '21:49:55', 70000, 'david.jpg', 'Surabaya', '0', 'Surabaya', '2016-02-11', '13043072David Ardiyanto.png', 'DFTR122015025213043072'),
('DFTR1220150253', 13043063, 'Faisal Indrawan', 'Pagi', 5, '2015-12-08', '21:49:55', 70000, 'DSC_5059.jpg', 'Surabaya', '0', 'Surabaya', '2016-02-11', '13043063Faisal Indrawan.png', 'DFTR122015025313043063'),
('DFTR1220150254', 1514311091, 'Muchammad Ashifuddin', 'Pagi', 1, '2015-12-08', '17:59:26', 70000, 'DSC_5059.jpg', 'Jl. Donokerto 1/34 Surabaya', '0', 'Rembang', '1991-12-25', 'noqrcode.png', 'DFTR12201502541514311091'),
('DFTR1220150255', 12043106, 'Widya Ayu N.', 'Pagi', 7, '2015-12-08', '21:49:55', 70000, 'DSC_5059.jpg', 'Surabaya', '0', 'Surabaya', '1991-12-25', '12043106Widya Ayu N.png', 'DFTR122015025512043106'),
('DFTR1220150256', 13043066, 'Nia Khoir', 'Pagi', 5, '2015-12-08', '21:49:55', 70000, 'DSC_5059.jpg', 'Surabaya', '0', 'Surabaya', '1991-12-25', '13043066Nia Khoir.png', 'DFTR122015025613043066');

-- --------------------------------------------------------

--
-- Table structure for table `praktikum`
--

CREATE TABLE IF NOT EXISTS `praktikum` (
  `kode_praktikum` varchar(50) NOT NULL,
  `jenis_praktikum` varchar(30) DEFAULT NULL,
  `semester` int(5) DEFAULT NULL,
  `biaya` double DEFAULT NULL,
  PRIMARY KEY (`kode_praktikum`)
) ENGINE=InnoDB DEFAULT CHARSET=latin1;

--
-- Dumping data for table `praktikum`
--

INSERT INTO `praktikum` (`kode_praktikum`, `jenis_praktikum`, `semester`, `biaya`) VALUES
('TI1340', 'PTI', 1, 70000),
('TI2341', 'Algoritma & Pemrograman', 2, 70000),
('TI2342', 'Jaringan Komputer', 2, 70000),
('TI3343', 'Manajemen Jaringan Komputer', 3, 70000),
('TI3346', 'Basis Data', 3, 70000),
('TI4344', 'PKG', 4, 70000),
('TI4345', 'PBO', 4, 70000);

-- --------------------------------------------------------

--
-- Table structure for table `t_01_audit_trail`
--

CREATE TABLE IF NOT EXISTS `t_01_audit_trail` (
  `id` int(11) NOT NULL AUTO_INCREMENT,
  `datetime` datetime NOT NULL,
  `script` varchar(255) DEFAULT NULL,
  `user` varchar(255) DEFAULT NULL,
  `action` varchar(255) DEFAULT NULL,
  `table` varchar(255) DEFAULT NULL,
  `field` varchar(255) DEFAULT NULL,
  `keyvalue` longtext,
  `oldvalue` longtext,
  `newvalue` longtext,
  PRIMARY KEY (`id`)
) ENGINE=MyISAM  DEFAULT CHARSET=latin1 AUTO_INCREMENT=140 ;

--
-- Dumping data for table `t_01_audit_trail`
--

INSERT INTO `t_01_audit_trail` (`id`, `datetime`, `script`, `user`, `action`, `table`, `field`, `keyvalue`, `oldvalue`, `newvalue`) VALUES
(1, '2017-06-19 19:41:18', '/praktikum/login.php', 'admin', 'login', '::1', '', '', '', ''),
(2, '2017-06-19 20:06:56', '/praktikum/logout.php', 'admin', 'logout', '::1', '', '', '', ''),
(3, '2017-06-19 21:03:32', '/praktikum/login.php', 'admin', 'login', '::1', '', '', '', ''),
(4, '2017-06-19 23:46:21', '/praktikum/login.php', 'admin', 'login', '::1', '', '', '', ''),
(5, '2017-06-20 00:25:00', '/praktikum/login.php', 'admin', 'login', '::1', '', '', '', ''),
(6, '2017-06-20 01:07:52', '/praktikum/login.php', 'admin', 'login', '::1', '', '', '', ''),
(7, '2017-06-20 01:13:21', '/praktikum/login.php', 'admin', 'login', '::1', '', '', '', ''),
(8, '2017-06-20 01:27:58', '/praktikum/logout.php', 'admin', 'logout', '::1', '', '', '', ''),
(9, '2017-06-20 01:28:00', '/praktikum/login.php', 'admin', 'login', '::1', '', '', '', ''),
(10, '2017-06-20 02:13:02', '/praktikum/logout.php', 'admin', 'logout', '::1', '', '', '', ''),
(11, '2017-06-20 02:27:26', '/praktikum/register.php', '-1', 'A', 't_02_user', 'Nama', '14', '', 'dodo'),
(12, '2017-06-20 02:27:26', '/praktikum/register.php', '-1', 'A', 't_02_user', 'Handphone', '14', '', '0'),
(13, '2017-06-20 02:27:26', '/praktikum/register.php', '-1', 'A', 't_02_user', 'Email', '14', '', 'dodo@dodo.dodo'),
(14, '2017-06-20 02:27:26', '/praktikum/register.php', '-1', 'A', 't_02_user', 'Password', '14', '', '********'),
(15, '2017-06-20 02:27:26', '/praktikum/register.php', '-1', 'A', 't_02_user', 'UserName', '14', '', 'dodo'),
(16, '2017-06-20 02:27:26', '/praktikum/register.php', '-1', 'A', 't_02_user', 'NIM', '14', '', '0001'),
(17, '2017-06-20 02:27:26', '/praktikum/register.php', '-1', 'A', 't_02_user', 'UserID', '14', '', '14'),
(18, '2017-06-20 02:30:30', '/praktikum/login.php', 'admin', 'login', '::1', '', '', '', ''),
(19, '2017-06-20 02:31:05', '/praktikum/t_03_userlevelslist.php', '13', 'A', 't_03_userlevels', 'userlevelid', '1', '', '1'),
(20, '2017-06-20 02:31:05', '/praktikum/t_03_userlevelslist.php', '13', 'A', 't_03_userlevels', 'userlevelname', '1', '', 'Mahasiswa'),
(21, '2017-06-20 02:32:55', '/praktikum/logout.php', 'admin', 'logout', '::1', '', '', '', ''),
(22, '2017-06-20 02:33:00', '/praktikum/login.php', 'dodo', 'login', '::1', '', '', '', ''),
(23, '2017-06-20 02:33:28', '/praktikum/logout.php', 'dodo', 'logout', '::1', '', '', '', ''),
(24, '2017-06-20 02:37:16', '/praktikum/login.php', 'dodo', 'login', '::1', '', '', '', ''),
(25, '2017-06-20 02:37:25', '/praktikum/logout.php', 'dodo', 'logout', '::1', '', '', '', ''),
(26, '2017-06-20 02:37:30', '/praktikum/login.php', 'admin', 'login', '::1', '', '', '', ''),
(27, '2017-06-20 02:38:07', '/praktikum/logout.php', 'admin', 'logout', '::1', '', '', '', ''),
(28, '2017-06-20 02:38:12', '/praktikum/login.php', 'dodo', 'login', '::1', '', '', '', ''),
(29, '2017-06-20 04:05:55', '/praktikum/logout.php', 'dodo', 'logout', '::1', '', '', '', ''),
(30, '2017-06-20 04:06:00', '/praktikum/login.php', 'admin', 'login', '::1', '', '', '', ''),
(31, '2017-06-20 04:06:05', '/praktikum/logout.php', 'admin', 'logout', '::1', '', '', '', ''),
(32, '2017-06-20 04:06:09', '/praktikum/login.php', 'dodo', 'login', '::1', '', '', '', ''),
(33, '2017-06-20 04:12:05', '/praktikum/logout.php', 'dodo', 'logout', '::1', '', '', '', ''),
(34, '2017-06-20 04:12:07', '/praktikum/login.php', 'dodo', 'login', '::1', '', '', '', ''),
(35, '2017-06-20 04:15:02', '/praktikum/logout.php', 'dodo', 'logout', '::1', '', '', '', ''),
(36, '2017-06-20 04:15:04', '/praktikum/login.php', 'dodo', 'login', '::1', '', '', '', ''),
(37, '2017-06-20 04:15:21', '/praktikum/logout.php', 'dodo', 'logout', '::1', '', '', '', ''),
(38, '2017-06-20 04:15:23', '/praktikum/login.php', 'dodo', 'login', '::1', '', '', '', ''),
(39, '2017-06-20 04:16:02', '/praktikum/logout.php', 'dodo', 'logout', '::1', '', '', '', ''),
(40, '2017-06-20 04:16:12', '/praktikum/logout.php', 'dodo', 'logout', '::1', '', '', '', ''),
(41, '2017-06-20 04:16:22', '/praktikum/logout.php', 'admin', 'logout', '::1', '', '', '', ''),
(42, '2017-06-20 04:17:39', '/praktikum/login.php', 'admin', 'login', '::1', '', '', '', ''),
(43, '2017-06-20 04:17:41', '/praktikum/logout.php', 'admin', 'logout', '::1', '', '', '', ''),
(44, '2017-06-20 04:17:46', '/praktikum/login.php', 'dodo', 'login', '::1', '', '', '', ''),
(45, '2017-06-20 04:17:53', '/praktikum/logout.php', 'dodo', 'logout', '::1', '', '', '', ''),
(46, '2017-06-20 04:17:58', '/praktikum/login.php', 'admin', 'login', '::1', '', '', '', ''),
(47, '2017-06-20 04:18:05', '/praktikum/logout.php', 'admin', 'logout', '::1', '', '', '', ''),
(48, '2017-06-20 04:18:10', '/praktikum/login.php', 'dodo', 'login', '::1', '', '', '', ''),
(49, '2017-06-20 04:18:33', '/praktikum/logout.php', 'dodo', 'logout', '::1', '', '', '', ''),
(50, '2017-06-20 04:18:36', '/praktikum/login.php', 'dodo', 'login', '::1', '', '', '', ''),
(51, '2017-06-20 22:07:31', '/praktikum/login.php', 'admin', 'login', '::1', '', '', '', ''),
(52, '2017-06-20 22:08:26', '/praktikum/logout.php', 'admin', 'logout', '::1', '', '', '', ''),
(53, '2017-06-20 22:08:31', '/praktikum/login.php', 'dodo', 'login', '::1', '', '', '', ''),
(54, '2017-06-21 00:03:57', '/praktikum/logout.php', 'dodo', 'logout', '::1', '', '', '', ''),
(55, '2017-06-21 00:04:02', '/praktikum/login.php', 'admin', 'login', '::1', '', '', '', ''),
(56, '2017-06-21 00:04:39', '/praktikum/logout.php', 'admin', 'logout', '::1', '', '', '', ''),
(57, '2017-06-21 00:04:43', '/praktikum/login.php', 'dodo', 'login', '::1', '', '', '', ''),
(58, '2017-06-21 00:05:18', '/praktikum/t_02_userlist.php', '14', 'U', 't_02_user', 'NIM', '14', '24121974', '1'),
(59, '2017-06-21 00:28:46', '/praktikum/logout.php', 'dodo', 'logout', '::1', '', '', '', ''),
(60, '2017-06-21 00:28:49', '/praktikum/login.php', 'dodo', 'login', '::1', '', '', '', ''),
(61, '2017-06-21 00:40:00', '/praktikum/logout.php', 'dodo', 'logout', '::1', '', '', '', ''),
(62, '2017-06-21 00:40:07', '/praktikum/login.php', 'dodo', 'login', '::1', '', '', '', ''),
(63, '2017-06-21 00:41:11', '/praktikum/t_02_userlist.php', '14', 'U', 't_02_user', 'Nama', '14', 'Dodo Ananto', 'dodo'),
(64, '2017-06-21 00:49:09', '/praktikum/logout.php', 'dodo', 'logout', '::1', '', '', '', ''),
(65, '2017-06-21 00:49:11', '/praktikum/login.php', 'dodo', 'login', '::1', '', '', '', ''),
(66, '2017-06-21 00:49:34', '/praktikum/t_02_useredit.php', '14', 'U', 't_02_user', 'Nama', '14', 'Dodo Ananto 2', 'Dodo Ananto'),
(67, '2017-06-21 00:51:47', '/praktikum/logout.php', 'dodo', 'logout', '::1', '', '', '', ''),
(68, '2017-06-21 00:51:49', '/praktikum/login.php', 'dodo', 'login', '::1', '', '', '', ''),
(69, '2017-06-21 00:53:47', '/praktikum/logout.php', 'dodo', 'logout', '::1', '', '', '', ''),
(70, '2017-06-21 00:53:49', '/praktikum/login.php', 'dodo', 'login', '::1', '', '', '', ''),
(71, '2017-06-21 00:54:17', '/praktikum/t_02_userlist.php', '14', 'U', 't_02_user', 'Nama', '14', 'Dodo Ananto', 'Dodo Ananto 2'),
(72, '2017-06-21 00:54:17', '/praktikum/t_02_userlist.php', '14', 'U', 't_02_user', 'NIM', '14', '241219747', '24121974'),
(73, '2017-06-21 01:16:12', '/praktikum/t_02_useredit.php', '14', 'U', 't_02_user', 'NIM', '14', '24121974', '241219747'),
(74, '2017-06-21 01:35:29', '/praktikum/pendaftaranadd.php', '14', 'A', 'pendaftaran', 'kodedaftar_mahasiswa', 'DFTR0620170001', '', 'DFTR0620170001'),
(75, '2017-06-21 01:35:29', '/praktikum/pendaftaranadd.php', '14', 'A', 'pendaftaran', 'nim_mahasiswa', 'DFTR0620170001', '', '24121974'),
(76, '2017-06-21 01:35:29', '/praktikum/pendaftaranadd.php', '14', 'A', 'pendaftaran', 'nama_mahasiswa', 'DFTR0620170001', '', 'Dodo Ananto'),
(77, '2017-06-21 01:35:29', '/praktikum/pendaftaranadd.php', '14', 'A', 'pendaftaran', 'kelas_mahasiswa', 'DFTR0620170001', '', NULL),
(78, '2017-06-21 01:35:29', '/praktikum/pendaftaranadd.php', '14', 'A', 'pendaftaran', 'semester_mahasiswa', 'DFTR0620170001', '', NULL),
(79, '2017-06-21 01:35:29', '/praktikum/pendaftaranadd.php', '14', 'A', 'pendaftaran', 'tgl_daftar_mahasiswa', 'DFTR0620170001', '', '2017-06-21'),
(80, '2017-06-21 01:35:29', '/praktikum/pendaftaranadd.php', '14', 'A', 'pendaftaran', 'jam_daftar_mahasiswa', 'DFTR0620170001', '', '01:35:29'),
(81, '2017-06-21 01:35:29', '/praktikum/pendaftaranadd.php', '14', 'A', 'pendaftaran', 'total_biaya', 'DFTR0620170001', '', NULL),
(82, '2017-06-21 01:35:29', '/praktikum/pendaftaranadd.php', '14', 'A', 'pendaftaran', 'foto', 'DFTR0620170001', '', NULL),
(83, '2017-06-21 01:35:29', '/praktikum/pendaftaranadd.php', '14', 'A', 'pendaftaran', 'alamat', 'DFTR0620170001', '', NULL),
(84, '2017-06-21 01:35:29', '/praktikum/pendaftaranadd.php', '14', 'A', 'pendaftaran', 'tlp', 'DFTR0620170001', '', NULL),
(85, '2017-06-21 01:35:29', '/praktikum/pendaftaranadd.php', '14', 'A', 'pendaftaran', 'tempat', 'DFTR0620170001', '', NULL),
(86, '2017-06-21 01:35:29', '/praktikum/pendaftaranadd.php', '14', 'A', 'pendaftaran', 'tgl', 'DFTR0620170001', '', NULL),
(87, '2017-06-21 01:35:29', '/praktikum/pendaftaranadd.php', '14', 'A', 'pendaftaran', 'qrcode', 'DFTR0620170001', '', NULL),
(88, '2017-06-21 01:35:29', '/praktikum/pendaftaranadd.php', '14', 'A', 'pendaftaran', 'code', 'DFTR0620170001', '', NULL),
(89, '2017-06-21 01:35:29', '/praktikum/pendaftaranadd.php', '14', '*** Batch insert begin ***', 'detail_pendaftaran', '', '', '', ''),
(90, '2017-06-21 01:45:56', '/praktikum/pendaftaranlist.php', '14', 'U', 'pendaftaran', 'kelas_mahasiswa', 'DFTR0620170001', 'Pagi', NULL),
(91, '2017-06-21 01:54:30', '/praktikum/pendaftaranedit.php', '14', 'U', 'pendaftaran', 'kelas_mahasiswa', 'DFTR0620170001', 'Sore', 'Pagi'),
(92, '2017-06-21 01:54:30', '/praktikum/pendaftaranedit.php', '14', 'U', 'pendaftaran', 'jam_daftar_mahasiswa', 'DFTR0620170001', '01:54:30', '01:35:29'),
(93, '2017-06-21 02:04:32', '/praktikum/logout.php', 'dodo', 'logout', '::1', '', '', '', ''),
(94, '2017-06-21 02:04:37', '/praktikum/login.php', 'admin', 'login', '::1', '', '', '', ''),
(95, '2017-06-21 02:06:52', '/praktikum/logout.php', 'admin', 'logout', '::1', '', '', '', ''),
(96, '2017-06-21 02:06:58', '/praktikum/login.php', 'dodo', 'login', '::1', '', '', '', ''),
(97, '2017-06-21 04:12:47', '/praktikum/logout.php', 'dodo', 'logout', '::1', '', '', '', ''),
(98, '2017-06-21 04:12:56', '/praktikum/login.php', 'dodo', 'login', '::1', '', '', '', ''),
(99, '2017-06-21 13:35:07', '/praktikum/logout.php', 'dodo', 'logout', '::1', '', '', '', ''),
(100, '2017-06-21 13:35:10', '/praktikum/login.php', 'dodo', 'login', '::1', '', '', '', ''),
(101, '2017-06-21 15:50:32', '/praktikum/logout.php', 'dodo', 'logout', '::1', '', '', '', ''),
(102, '2017-06-21 15:50:35', '/praktikum/login.php', 'dodo', 'login', '::1', '', '', '', ''),
(103, '2017-06-22 12:24:22', '/praktikum/logout.php', 'dodo', 'logout', '::1', '', '', '', ''),
(104, '2017-06-22 12:24:28', '/praktikum/login.php', 'dodo', 'login', '::1', '', '', '', ''),
(105, '2017-06-28 22:27:46', '/praktikum/login.php', 'admin', 'login', '::1', '', '', '', ''),
(106, '2017-06-28 22:35:09', '/praktikum/logout.php', 'admin', 'logout', '::1', '', '', '', ''),
(107, '2017-06-28 22:35:17', '/praktikum/login.php', 'dodo', 'login', '::1', '', '', '', ''),
(108, '2017-06-28 23:02:00', '/praktikum/logout.php', 'dodo', 'logout', '::1', '', '', '', ''),
(109, '2017-06-28 23:40:18', '/praktikum/login.php', 'dodo', 'login', '::1', '', '', '', ''),
(110, '2017-06-28 23:41:05', '/praktikum/pendaftaranedit.php', '14', 'U', 'pendaftaran', 'semester_mahasiswa', 'DFTR0620170001', '1', NULL),
(111, '2017-06-28 23:41:05', '/praktikum/pendaftaranedit.php', '14', 'U', 'pendaftaran', 'total_biaya', 'DFTR0620170001', '140000', NULL),
(112, '2017-06-28 23:41:05', '/praktikum/pendaftaranedit.php', '14', '*** Batch update begin ***', 'detail_pendaftaran', '', '', '', ''),
(113, '2017-06-28 23:41:05', '/praktikum/pendaftaranedit.php', '14', '*** Batch update successful ***', 'detail_pendaftaran', '', '', '', ''),
(114, '2017-06-28 23:45:38', '/praktikum/pendaftaranedit.php', '14', 'U', 'pendaftaran', 'foto', 'DFTR0620170001', 'IMG_20140528_081117.jpg', NULL),
(115, '2017-06-28 23:58:02', '/praktikum/pendaftaranedit.php', '14', '*** Batch update begin ***', 'detail_pendaftaran', '', '', '', ''),
(116, '2017-06-28 23:58:02', '/praktikum/pendaftaranedit.php', '14', 'A', 'detail_pendaftaran', 'fk_kodedaftar', '834', '', 'DFTR0620170001'),
(117, '2017-06-28 23:58:02', '/praktikum/pendaftaranedit.php', '14', 'A', 'detail_pendaftaran', 'fk_jenis_praktikum', '834', '', 'TI1340'),
(118, '2017-06-28 23:58:02', '/praktikum/pendaftaranedit.php', '14', 'A', 'detail_pendaftaran', 'biaya_bayar', '834', '', NULL),
(119, '2017-06-28 23:58:02', '/praktikum/pendaftaranedit.php', '14', 'A', 'detail_pendaftaran', 'status_praktikum', '834', '', NULL),
(120, '2017-06-28 23:58:02', '/praktikum/pendaftaranedit.php', '14', 'A', 'detail_pendaftaran', 'id_kelompok', '834', '', NULL),
(121, '2017-06-28 23:58:02', '/praktikum/pendaftaranedit.php', '14', 'A', 'detail_pendaftaran', 'id_jam_prak', '834', '', NULL),
(122, '2017-06-28 23:58:02', '/praktikum/pendaftaranedit.php', '14', 'A', 'detail_pendaftaran', 'id_lab', '834', '', NULL),
(123, '2017-06-28 23:58:02', '/praktikum/pendaftaranedit.php', '14', 'A', 'detail_pendaftaran', 'id_pngjar', '834', '', NULL),
(124, '2017-06-28 23:58:02', '/praktikum/pendaftaranedit.php', '14', 'A', 'detail_pendaftaran', 'id_asisten', '834', '', NULL),
(125, '2017-06-28 23:58:02', '/praktikum/pendaftaranedit.php', '14', 'A', 'detail_pendaftaran', 'status_kelompok', '834', '', '0'),
(126, '2017-06-28 23:58:02', '/praktikum/pendaftaranedit.php', '14', 'A', 'detail_pendaftaran', 'nilai_akhir', '834', '', NULL),
(127, '2017-06-28 23:58:02', '/praktikum/pendaftaranedit.php', '14', 'A', 'detail_pendaftaran', 'persetujuan', '834', '', NULL),
(128, '2017-06-28 23:58:02', '/praktikum/pendaftaranedit.php', '14', 'A', 'detail_pendaftaran', 'id_detailpendaftaran', '834', '', '834'),
(129, '2017-06-28 23:58:02', '/praktikum/pendaftaranedit.php', '14', '*** Batch update successful ***', 'detail_pendaftaran', '', '', '', ''),
(130, '2017-06-29 00:00:12', '/praktikum/logout.php', 'dodo', 'logout', '::1', '', '', '', ''),
(131, '2017-06-29 00:00:18', '/praktikum/login.php', 'admin', 'login', '::1', '', '', '', ''),
(132, '2017-06-29 00:01:15', '/praktikum/logout.php', 'admin', 'logout', '::1', '', '', '', ''),
(133, '2017-06-29 01:30:06', '/praktikum/login.php', 'dodo', 'login', '::1', '', '', '', ''),
(134, '2017-06-29 01:31:31', '/praktikum/logout.php', 'dodo', 'logout', '::1', '', '', '', ''),
(135, '2017-06-29 01:31:35', '/praktikum/login.php', 'admin', 'login', '::1', '', '', '', ''),
(136, '2017-06-29 01:59:41', '/praktikum/logout.php', 'admin', 'logout', '::1', '', '', '', ''),
(137, '2017-06-29 01:59:46', '/praktikum/login.php', 'dodo', 'login', '::1', '', '', '', ''),
(138, '2017-06-29 02:44:35', '/praktikum/logout.php', 'dodo', 'logout', '::1', '', '', '', ''),
(139, '2017-06-29 02:44:41', '/praktikum/login.php', 'admin', 'login', '::1', '', '', '', '');

-- --------------------------------------------------------

--
-- Table structure for table `t_02_user`
--

CREATE TABLE IF NOT EXISTS `t_02_user` (
  `UserID` int(11) NOT NULL AUTO_INCREMENT,
  `Nama` varchar(50) NOT NULL,
  `Handphone` varchar(24) NOT NULL,
  `Email` varchar(30) NOT NULL,
  `Password` varchar(50) NOT NULL DEFAULT '',
  `UserLevel` int(11) DEFAULT '1',
  `UserName` varchar(20) NOT NULL DEFAULT '',
  `NIM` int(15) NOT NULL,
  PRIMARY KEY (`UserID`),
  UNIQUE KEY `Username` (`UserName`)
) ENGINE=MyISAM  DEFAULT CHARSET=utf8 AUTO_INCREMENT=15 ;

--
-- Dumping data for table `t_02_user`
--

INSERT INTO `t_02_user` (`UserID`, `Nama`, `Handphone`, `Email`, `Password`, `UserLevel`, `UserName`, `NIM`) VALUES
(14, 'Dodo Ananto', '0', 'dodo@dodo.dodo', '81dc9bdb52d04dc20036dbd8313ed055', 1, 'dodo', 24121974),
(13, 'admin', '9', '9', '21232f297a57a5a743894a0e4a801fc3', -1, 'admin', 9);

-- --------------------------------------------------------

--
-- Table structure for table `t_03_userlevels`
--

CREATE TABLE IF NOT EXISTS `t_03_userlevels` (
  `userlevelid` int(11) NOT NULL,
  `userlevelname` varchar(255) NOT NULL,
  PRIMARY KEY (`userlevelid`)
) ENGINE=MyISAM DEFAULT CHARSET=latin1;

--
-- Dumping data for table `t_03_userlevels`
--

INSERT INTO `t_03_userlevels` (`userlevelid`, `userlevelname`) VALUES
(-2, 'Anonymous'),
(-1, 'Administrator'),
(0, 'Default'),
(1, 'Mahasiswa');

-- --------------------------------------------------------

--
-- Table structure for table `t_04_userlevelpermissions`
--

CREATE TABLE IF NOT EXISTS `t_04_userlevelpermissions` (
  `userlevelid` int(11) NOT NULL,
  `tablename` varchar(255) NOT NULL,
  `permission` int(11) NOT NULL,
  PRIMARY KEY (`userlevelid`,`tablename`)
) ENGINE=MyISAM DEFAULT CHARSET=latin1;

--
-- Dumping data for table `t_04_userlevelpermissions`
--

INSERT INTO `t_04_userlevelpermissions` (`userlevelid`, `tablename`, `permission`) VALUES
(-2, '{47E9807F-0BA5-4478-84CF-DB02752CE563}absensi2', 0),
(-2, '{47E9807F-0BA5-4478-84CF-DB02752CE563}accounting_debit_kredit', 0),
(-2, '{47E9807F-0BA5-4478-84CF-DB02752CE563}detail_pendaftaran', 0),
(-2, '{47E9807F-0BA5-4478-84CF-DB02752CE563}master_asisten_pengajar', 0),
(-2, '{47E9807F-0BA5-4478-84CF-DB02752CE563}master_jam_praktikum', 0),
(-2, '{47E9807F-0BA5-4478-84CF-DB02752CE563}master_lab', 0),
(-2, '{47E9807F-0BA5-4478-84CF-DB02752CE563}master_nama_kelompok', 0),
(-2, '{47E9807F-0BA5-4478-84CF-DB02752CE563}master_pengajar', 0),
(-2, '{47E9807F-0BA5-4478-84CF-DB02752CE563}master_tanggal', 0),
(-2, '{47E9807F-0BA5-4478-84CF-DB02752CE563}master_waktu', 0),
(-2, '{47E9807F-0BA5-4478-84CF-DB02752CE563}pendaftaran', 0),
(-2, '{47E9807F-0BA5-4478-84CF-DB02752CE563}praktikum', 0),
(-2, '{47E9807F-0BA5-4478-84CF-DB02752CE563}user', 0),
(-2, '{47E9807F-0BA5-4478-84CF-DB02752CE563}t_01_audit_trail', 0),
(-2, '{47E9807F-0BA5-4478-84CF-DB02752CE563}t_02_user', 0),
(-2, '{47E9807F-0BA5-4478-84CF-DB02752CE563}t_03_userlevels', 0),
(-2, '{47E9807F-0BA5-4478-84CF-DB02752CE563}t_04_userlevelpermissions', 0),
(-2, '{47E9807F-0BA5-4478-84CF-DB02752CE563}c_home.php', 0),
(1, '{47E9807F-0BA5-4478-84CF-DB02752CE563}absensi2', 0),
(1, '{47E9807F-0BA5-4478-84CF-DB02752CE563}accounting_debit_kredit', 0),
(1, '{47E9807F-0BA5-4478-84CF-DB02752CE563}detail_pendaftaran', 111),
(1, '{47E9807F-0BA5-4478-84CF-DB02752CE563}master_asisten_pengajar', 0),
(1, '{47E9807F-0BA5-4478-84CF-DB02752CE563}master_jam_praktikum', 0),
(1, '{47E9807F-0BA5-4478-84CF-DB02752CE563}master_lab', 0),
(1, '{47E9807F-0BA5-4478-84CF-DB02752CE563}master_nama_kelompok', 0),
(1, '{47E9807F-0BA5-4478-84CF-DB02752CE563}master_pengajar', 0),
(1, '{47E9807F-0BA5-4478-84CF-DB02752CE563}master_tanggal', 0),
(1, '{47E9807F-0BA5-4478-84CF-DB02752CE563}master_waktu', 0),
(1, '{47E9807F-0BA5-4478-84CF-DB02752CE563}pendaftaran', 111),
(1, '{47E9807F-0BA5-4478-84CF-DB02752CE563}praktikum', 0),
(1, '{47E9807F-0BA5-4478-84CF-DB02752CE563}user', 0),
(1, '{47E9807F-0BA5-4478-84CF-DB02752CE563}t_01_audit_trail', 0),
(1, '{47E9807F-0BA5-4478-84CF-DB02752CE563}t_02_user', 44),
(1, '{47E9807F-0BA5-4478-84CF-DB02752CE563}t_03_userlevels', 0),
(1, '{47E9807F-0BA5-4478-84CF-DB02752CE563}t_04_userlevelpermissions', 0),
(1, '{47E9807F-0BA5-4478-84CF-DB02752CE563}c_home.php', 111);

-- --------------------------------------------------------

--
-- Table structure for table `user`
--

CREATE TABLE IF NOT EXISTS `user` (
  `id_user` int(11) NOT NULL AUTO_INCREMENT,
  `nim` varchar(255) DEFAULT NULL,
  `nama` varchar(255) DEFAULT NULL,
  `username` varchar(255) DEFAULT NULL,
  `password` varchar(255) DEFAULT NULL,
  `level` enum('Super Admin','Pengurus Lab') DEFAULT NULL,
  PRIMARY KEY (`id_user`)
) ENGINE=InnoDB  DEFAULT CHARSET=latin1 AUTO_INCREMENT=12 ;

--
-- Dumping data for table `user`
--

INSERT INTO `user` (`id_user`, `nim`, `nama`, `username`, `password`, `level`) VALUES
(1, '11043024', 'Irawan Papang Subakti', 'informatika', 'informatika', 'Super Admin'),
(11, '11043031', 'Reza Aliffiano', 'reza', 'reza31', 'Pengurus Lab');

--
-- Constraints for dumped tables
--

--
-- Constraints for table `absensi2`
--
ALTER TABLE `absensi2`
  ADD CONSTRAINT `fkidwktu` FOREIGN KEY (`id_waktu`) REFERENCES `master_waktu` (`id_waktu`),
  ADD CONSTRAINT `fkkodedftr` FOREIGN KEY (`kode_daftar`) REFERENCES `pendaftaran` (`kodedaftar_mahasiswa`);

--
-- Constraints for table `detail_pendaftaran`
--
ALTER TABLE `detail_pendaftaran`
  ADD CONSTRAINT `fk_idassten` FOREIGN KEY (`id_asisten`) REFERENCES `master_asisten_pengajar` (`kode_asisten`),
  ADD CONSTRAINT `fk_idklompok` FOREIGN KEY (`id_kelompok`) REFERENCES `master_nama_kelompok` (`id_kelompok`),
  ADD CONSTRAINT `fk_idlab` FOREIGN KEY (`id_lab`) REFERENCES `master_lab` (`id_lab`),
  ADD CONSTRAINT `fk_jamprak` FOREIGN KEY (`id_jam_prak`) REFERENCES `master_jam_praktikum` (`id_jam_praktikum`),
  ADD CONSTRAINT `fk_jenispraktikum` FOREIGN KEY (`fk_jenis_praktikum`) REFERENCES `praktikum` (`kode_praktikum`),
  ADD CONSTRAINT `fk_kodedaftar` FOREIGN KEY (`fk_kodedaftar`) REFERENCES `pendaftaran` (`kodedaftar_mahasiswa`),
  ADD CONSTRAINT `fk_kodepengjr` FOREIGN KEY (`id_pngjar`) REFERENCES `master_pengajar` (`kode_pengajar`);

--
-- Constraints for table `master_tanggal`
--
ALTER TABLE `master_tanggal`
  ADD CONSTRAINT `fk_kodeprak` FOREIGN KEY (`kode_praktikum`) REFERENCES `praktikum` (`kode_praktikum`);

--
-- Constraints for table `master_waktu`
--
ALTER TABLE `master_waktu`
  ADD CONSTRAINT `fkklompok` FOREIGN KEY (`id_kelompok`) REFERENCES `master_nama_kelompok` (`id_kelompok`),
  ADD CONSTRAINT `fktgl` FOREIGN KEY (`id_tanggal`) REFERENCES `master_tanggal` (`id_tanggal`);

/*!40101 SET CHARACTER_SET_CLIENT=@OLD_CHARACTER_SET_CLIENT */;
/*!40101 SET CHARACTER_SET_RESULTS=@OLD_CHARACTER_SET_RESULTS */;
/*!40101 SET COLLATION_CONNECTION=@OLD_COLLATION_CONNECTION */;
